Name,Brand,Category,Size,Unit,Price,SellingPrice,Discount
Sunreap Maida 500g,Spencers,Grocery & Staples,500.0,gm,24.0,24.0,0.0
Sunreap Maida 1kg,Spencers,Grocery & Staples,1.0,kg,47.0,45.0,4.26
Sunreap Atta Whole Wheat 1kg,Spencers,Grocery & Staples,1.0,kg,40.0,40.0,0.0
Sunreap Atta Whole Wheat 5kg,Spencers,Grocery & Staples,5.0,kg,185.0,175.0,5.41
Aashirvaad Natures Gluten Free Flr 1kg,Spencers,Grocery & Staples,1.0,kg,190.0,95.0,50.0
Organic Tattva Ragi Flour 500g,Spencers,Grocery & Staples,500.0,gm,70.0,70.0,0.0
Double Horse Idli Mix 500g,Spencers,Grocery & Staples,500.0,gm,78.0,78.0,0.0
Shyam's Agro fresh Sooji 500g,Spencers,Grocery & Staples,500.0,gm,25.0,20.0,20.0
Agro Fresh Sattu 200g,Spencers,Grocery & Staples,200.0,gm,50.0,40.0,20.0
Shyam's Agro Fresh Chana Besan 500g,Spencers,Grocery & Staples,500.0,gm,80.0,64.0,20.0
Whole Foods Soya Besan Methi Roti Mix 500g,Spencers,Grocery & Staples,500.0,gm,135.0,135.0,0.0
Double Horse Palada Payasam Mix 300g,Spencers,Grocery & Staples,300.0,gm,87.0,87.0,0.0
Double Horse Rawa Fried 1kg,Spencers,Grocery & Staples,1.0,kg,110.0,110.0,0.0
Shyam's Agro fresh Sattu 500g,Spencers,Grocery & Staples,500.0,gm,120.0,96.0,20.0
Shyam's Agro fresh Whole Wheat Atta 5kg,Spencers,Grocery & Staples,5.0,kg,190.0,135.0,28.95
Shyam's Agro Fresh Maida 500g,Spencers,Grocery & Staples,500.0,gm,24.0,19.2,20.0
Shyam's Agro fresh Maida 1Kg,Spencers,Grocery & Staples,1.0,kg,48.0,36.0,25.0
Shyam's Agro fresh Whole Wheat Atta 1kg,Spencers,Grocery & Staples,1.0,kg,40.0,34.0,15.0
Manna Dia Mix 400g,Spencers,Grocery & Staples,400.0,gm,240.0,240.0,0.0
Aashirvaad Atta Sugar Release Cntrl 1kg,Spencers,Grocery & Staples,1.0,kg,62.0,52.0,16.13
Aashirvaad Atta Multi Grain 5kg,Spencers,Grocery & Staples,5.0,kg,295.0,275.0,6.78
Aashirvaad Atta Multi Grain 1kg,Spencers,Grocery & Staples,1.0,kg,60.0,60.0,0.0
Aashirvaad Atta Select 1kg,Spencers,Grocery & Staples,1.0,kg,59.0,59.0,0.0
Pillsbury Atta Whole Wheat 5kg,Spencers,Grocery & Staples,5.0,kg,180.0,145.0,19.44
Pillsbury Atta Whole Wheat 1kg,Spencers,Grocery & Staples,1.0,kg,39.0,37.0,5.13
Aashirvaad Atta Whole Wheat 5kg,Spencers,Grocery & Staples,5.0,kg,213.0,191.0,10.33
Aashirvaad Atta Whole Wheat 10kg,Spencers,Grocery & Staples,10.0,kg,405.0,370.0,8.64
MTR Vada Mix Instant 200g,Spencers,Grocery & Staples,200.0,gm,95.0,95.0,0.0
Aashirvaad Atta Whole Wheat 1kg,Spencers,Grocery & Staples,1.0,kg,42.0,42.0,0.0
Sunreap Besan - gram Flour 200g,Spencers,Grocery & Staples,200.0,gm,27.0,27.0,0.0
Kohinoor Tibar Basmati Rice  5kg,Spencers,Grocery & Staples,5.0,kg,670.0,635.0,5.22
Organic Tattva Basmati Rice Brown 1kg,Spencers,Grocery & Staples,1.0,kg,230.0,230.0,0.0
Organic Tattva Mix Dal 500g,Spencers,Grocery & Staples,500.0,gm,120.0,120.0,0.0
Kohinoor Biriyani Kit Hydrabadi 327G,Spencers,Grocery & Staples,327.0,gm,125.0,125.0,0.0
Kohinoor Dubar Basmati Rice  1kg,Spencers,Grocery & Staples,1.0,kg,125.0,119.0,4.8
Kohinoor Tibar Basmati Rice  1kg,Spencers,Grocery & Staples,1.0,kg,135.0,129.0,4.44
Kohinoor Charminar Brown Basmati 1kg,Spencers,Grocery & Staples,1.0,kg,109.0,99.0,9.17
Spencers Chamarmani Rice Loose 1kg,Spencers,Grocery & Staples,1.0,kg,59.0,53.0,10.17
Kohinoor Rozana Basmati Rice   5kg,Spencers,Grocery & Staples,5.0,kg,515.0,439.0,14.76
Trusted Value Premium Tulsibhog Rice 1kg,Spencers,Grocery & Staples,1.0,kg,60.0,53.0,11.67
Spencer's Premium Biryani Rice 1kg,Spencers,Grocery & Staples,1.0,kg,120.0,99.0,17.5
Trusted Value Premium Miniket Rice 1kg,Spencers,Grocery & Staples,1.0,kg,52.0,49.0,5.77
Trusted Value Premium Miniket Rice 500g,Spencers,Grocery & Staples,500.0,gm,26.0,24.5,5.77
Trusted Value Regular Miniket Rice 1kg,Spencers,Grocery & Staples,1.0,kg,50.0,43.0,14.0
Trusted Value Regular Miniket Rice 500g,Spencers,Grocery & Staples,500.0,gm,25.0,21.5,14.0
Trusted Value Regular Bashkathi Rice 1kg,Spencers,Grocery & Staples,1.0,kg,63.0,51.0,19.05
Trusted Value Regular Bashkathi Rice 500g,Spencers,Grocery & Staples,500.0,gm,31.5,25.5,19.05
Premium Sona Masoori Rice 1kg,Spencers,Grocery & Staples,1.0,kg,69.0,51.0,26.09
Premium Sona Masoori Rice 500g,Spencers,Grocery & Staples,500.0,gm,34.5,25.5,26.09
Trusted Value Premium Tulsibhog Rice 500g,Spencers,Grocery & Staples,500.0,gm,30.0,26.5,11.67
Spencer's Premium Biryani Rice 500g,Spencers,Grocery & Staples,500.0,gm,60.0,49.5,17.5
Premium Sharbati Sella Rice 1kg,Spencers,Grocery & Staples,1.0,kg,98.0,69.0,29.59
Premium Sharbati Sella Rice 500g,Spencers,Grocery & Staples,500.0,gm,49.0,34.5,29.59
Trusted Value Premium Basmati Sella Rice 1kg,Spencers,Grocery & Staples,1.0,kg,93.0,82.0,11.83
Trusted Value Premium Basmati Sella Rice 500g,Spencers,Grocery & Staples,500.0,gm,46.5,41.0,11.83
Trusted Value Premium 1121 Basmati Rice 1kg,Spencers,Grocery & Staples,1.0,kg,120.0,95.0,20.83
Trusted Value Premium 1121 Basmati Rice 500g,Spencers,Grocery & Staples,500.0,gm,60.0,47.5,20.83
Kohinoor Super Basmati Rice  1kg,Spencers,Grocery & Staples,1.0,kg,169.0,155.0,8.28
Smart Choice Bashkati Rice Premium 1kg,Spencers,Grocery & Staples,1.0,kg,60.0,60.0,0.0
Smart Choice Miniket Rice 1kg,Spencers,Grocery & Staples,1.0,kg,48.0,48.0,0.0
Smart Choice Bashkati Rice 2kg,Spencers,Grocery & Staples,2.0,kg,120.0,120.0,0.0
Smart Choice Tulsibhog Rice 2kg,Spencers,Grocery & Staples,2.0,kg,140.0,115.0,17.86
Smart Choice Chamarmani Rice 2kg,Spencers,Grocery & Staples,2.0,kg,145.0,120.0,17.24
Smart Choice Daliya 500g,Spencers,Grocery & Staples,500.0,gm,30.0,30.0,0.0
Shyam's Agro Fresh Dalia 500g,Spencers,Grocery & Staples,500.0,gm,35.0,28.0,20.0
Lalbaba Miniket Rice 25kg,Spencers,Grocery & Staples,25.0,kg,1300.0,1199.0,7.77
Atal Miniket Rice 25kg,Spencers,Grocery & Staples,25.0,kg,1450.0,1249.0,13.86
Daawat Popular Basmati Sella Rice  10kg,Spencers,Grocery & Staples,10.0,kg,971.0,799.0,17.71
Sublabh Bashkati Rice Premium 25kg,Spencers,Grocery & Staples,25.0,kg,1900.0,1499.0,21.11
Smart Choice Gobindo Bhog Rice 5kg,Spencers,Grocery & Staples,5.0,kg,595.0,595.0,0.0
Smart Choice Gobindo Bhog Rice 2kg,Spencers,Grocery & Staples,2.0,kg,240.0,207.0,13.75
Smart Choice Gobindo Bhog Rice 1kg,Spencers,Grocery & Staples,1.0,kg,115.0,115.0,0.0
Smart Choice Bashkati Rice 20kg,Spencers,Grocery & Staples,20.0,kg,1100.0,1100.0,0.0
Smart Choice Bashkati Rice 5kg,Spencers,Grocery & Staples,5.0,kg,280.0,280.0,0.0
Smart Choice Jeerakati Rice 2kg,Spencers,Grocery & Staples,2.0,kg,195.0,195.0,0.0
Spencer's Smart Choice Classic Basmati Rice 5kg,Spencers,Grocery & Staples,5.0,kg,950.0,950.0,0.0
Shellys Gobindo Bhog Rice 1kg,Spencers,Grocery & Staples,1.0,kg,140.0,140.0,0.0
Best Fine Indian Rice Special 5kg,Spencers,Grocery & Staples,5.0,kg,750.0,225.0,70.0
Best Fine Indian Rice Special 1kg,Spencers,Grocery & Staples,1.0,kg,160.0,45.0,71.88
Double Horse Red Aval 500g,Spencers,Grocery & Staples,500.0,gm,74.0,74.0,0.0
Fortune Super Basmati Rice  5kg,Spencers,Grocery & Staples,5.0,kg,840.0,759.0,9.64
Aeroplane Season Indian Rice  5kg,Spencers,Grocery & Staples,5.0,kg,400.0,279.0,30.25
Shellys Gobindo Bhog Rice 500g,Spencers,Grocery & Staples,500.0,gm,75.0,70.0,6.67
Kohinoor Brown Healthy Basmati Jar 1kg,Spencers,Grocery & Staples,1.0,kg,179.0,155.0,13.41
Daawat Rozana Gold Basmati Rice  5kg,Spencers,Grocery & Staples,5.0,kg,495.0,469.0,5.25
Kohinoor Traditional Basmati Rice  5kg,Spencers,Grocery & Staples,5.0,kg,1055.0,929.0,11.94
Kohinoor Charminar Basmati Rice  1kg,Spencers,Grocery & Staples,1.0,kg,115.0,109.0,5.22
Patanjali Dalia 500g,Spencers,Grocery & Staples,500.0,gm,25.0,25.0,0.0
Organic India Quinoa 500g,Spencers,Grocery & Staples,500.0,gm,295.0,295.0,0.0
Daawat Pulav Basmati Rice  5kg,Spencers,Grocery & Staples,5.0,kg,600.0,585.0,2.5
Tata Sampann Chawli - Lobia 500g,Spencers,Grocery & Staples,500.0,gm,66.0,66.0,0.0
Organic Tattva Chana Dal 500g,Spencers,Grocery & Staples,500.0,gm,95.0,95.0,0.0
Spencer's Smart Choice Navratna Dal 1kg,Spencers,Grocery & Staples,1.0,kg,215.0,120.0,44.19
Spencer's Smart Choice Regular Moong Dal Dhuli 1kg,Spencers,Grocery & Staples,1.0,kg,149.0,139.0,6.71
Spencer's Smart Choice Navratna Dal 500g,Spencers,Grocery & Staples,500.0,gm,107.5,60.0,44.19
Spencer's Smart Choice Regular Moong Dal Dhuli 500g,Spencers,Grocery & Staples,500.0,gm,74.5,69.5,6.71
Premium Moong Dal 1kg,Spencers,Grocery & Staples,1.0,kg,209.0,165.0,21.05
Premium Moong Dal 500g,Spencers,Grocery & Staples,500.0,gm,104.5,82.5,21.05
Spencer's Smart Choice Chana Dal 1kg,Spencers,Grocery & Staples,1.0,kg,126.0,91.0,27.78
Spencer's Smart Choice Chana Dal 500g,Spencers,Grocery & Staples,500.0,gm,63.0,45.5,27.78
Premium Arhar Dal 1kg,Spencers,Grocery & Staples,1.0,kg,188.0,125.0,33.51
Premium Arhar Dal 500g,Spencers,Grocery & Staples,500.0,gm,94.0,62.5,33.51
Regular Arhar Dal 1kg,Spencers,Grocery & Staples,1.0,kg,139.0,126.0,9.35
Regular Arhar Dal 500g,Spencers,Grocery & Staples,500.0,gm,69.5,63.0,9.35
Premium Masoor Dal 1kg,Spencers,Grocery & Staples,1.0,kg,131.0,112.0,14.5
Premium Masoor Dal 500g,Spencers,Grocery & Staples,500.0,gm,65.5,56.0,14.5
Smart Choice Chana Dal 1kg,Spencers,Grocery & Staples,1.0,kg,135.0,103.0,23.7
Smart Choice Masoor Dal Red 500g,Spencers,Grocery & Staples,500.0,gm,90.0,80.0,11.11
Double Tick Masoor Malka 2kg,Spencers,Grocery & Staples,2.0,kg,256.0,230.0,10.16
Double Tick Masoor Malka 1kg,Spencers,Grocery & Staples,1.0,kg,135.0,116.0,14.07
Mark Premium Moong Chilka 500g,Spencers,Grocery & Staples,500.0,gm,79.0,79.0,0.0
Mark Premium Masoor Special 500g,Spencers,Grocery & Staples,500.0,gm,72.0,72.0,0.0
Smart Choice Sona Moong Dal 500g,Spencers,Grocery & Staples,500.0,gm,137.0,87.0,36.5
Tata Sampann Chana Dal 1kg,Spencers,Grocery & Staples,1.0,kg,125.0,125.0,0.0
Tata Sampann Chana Dal 500g,Spencers,Grocery & Staples,500.0,gm,58.0,58.0,0.0
Smart Choice Masoor Dal Red 1kg,Spencers,Grocery & Staples,1.0,kg,163.0,158.0,3.07
Smart Choice Masoor Malka 1kg,Spencers,Grocery & Staples,1.0,kg,137.0,124.0,9.49
Smart Choice Moong Whole Green 1kg,Spencers,Grocery & Staples,1.0,kg,208.0,173.0,16.83
Tata Sampann Masoor Malka (Whole) 1kg,Spencers,Grocery & Staples,1.0,kg,140.0,140.0,0.0
Smart Choice Arhar - Toor Dal 500g,Spencers,Grocery & Staples,500.0,gm,112.0,69.0,38.39
Smart Choice Moong Whole Green 500g,Spencers,Grocery & Staples,500.0,gm,115.0,87.0,24.35
Smart Choice Masoor Malka 500g,Spencers,Grocery & Staples,500.0,gm,60.0,60.0,0.0
Smart Choice Chana Dal 500g,Spencers,Grocery & Staples,500.0,gm,73.0,52.0,28.77
Smart Choice Moong Dal Dhuli 500g,Spencers,Grocery & Staples,500.0,gm,123.0,89.0,27.64
Smart Choice Arhar - Toor Dal 1kg,Spencers,Grocery & Staples,1.0,kg,204.0,137.0,32.84
Deepak Peanut 200g,Spencers,Grocery & Staples,200.0,gm,50.0,50.0,0.0
Swatch Peanuts 1kg,Spencers,Grocery & Staples,1.0,kg,149.0,149.0,0.0
Smart Choice Rajma Chitra 2kg,Spencers,Grocery & Staples,2.0,kg,270.0,270.0,0.0
Smart Choice Rajma Red 1kg,Spencers,Grocery & Staples,1.0,kg,145.0,145.0,0.0
Rajdhani Rajma Red 500g,Spencers,Grocery & Staples,500.0,gm,79.0,64.0,18.99
Mangatram Rajma Red 1kg,Spencers,Grocery & Staples,1.0,kg,159.0,151.05,5.0
Mangatram Rajma Jammu 1kg,Spencers,Grocery & Staples,1.0,kg,180.0,171.0,5.0
Rajdhani Rajma Chitra 500g,Spencers,Grocery & Staples,500.0,gm,89.0,75.0,15.73
Rajdhani Rajma Chitra 1kg,Spencers,Grocery & Staples,1.0,kg,177.0,145.0,18.08
Healthy Alternative Detox Mix 50g,Spencers,Grocery & Staples,50.0,gm,109.0,109.0,0.0
Healthy Alternative Gluten Free Jeera Bhealthy Alternativekri 200g,Spencers,Grocery & Staples,200.0,gm,120.0,120.0,0.0
"True Elements 5 in 1, Roasted Sunflower Pumpkin And Flax Seeds Watermelon And Chia 125gm",Spencers,Grocery & Staples,125.0,gm,120.0,120.0,0.0
"True Elements Antioxidant Mix,Roasted Sunflower, Pumpkin, Flax, Watermelon, Chia Seeds and Goji Berries 500gm",Spencers,Grocery & Staples,500.0,gm,480.0,480.0,0.0
"True Elements Antioxidant Mix, Roasted Sunflower, Pumpkin, Flax, Watermelon, Chia Seeds and Goji Berries 250gm",Spencers,Grocery & Staples,250.0,gm,240.0,240.0,0.0
True Elements Antioxidant Mix Roasted Sunflower Pumpkin Flax Watermelon Chia Seeds And Goji Berries 125gm,Spencers,Grocery & Staples,125.0,gm,120.0,120.0,0.0
"True Elements Protein Mix,Roasted Pumpkin Watermelon Almonds and SOYA Nuts, Veg Protein Seeds 500gm",Spencers,Grocery & Staples,500.0,gm,480.0,480.0,0.0
True Elements Seeds And Berries Muesli 400gm,Spencers,Grocery & Staples,400.0,gm,250.0,250.0,0.0
True Elements Roasted Chia Seeds 125gm,Spencers,Grocery & Staples,125.0,gm,145.0,145.0,0.0
True Elements Raw Chia Seeds 150gm,Spencers,Grocery & Staples,150.0,gm,175.0,175.0,0.0
Dizzle Silver Softy 200g,Spencers,Grocery & Staples,200.0,gm,416.0,416.0,0.0
Lion Dates Delicasy 250g,Spencers,Grocery & Staples,250.0,gm,157.0,133.45,15.0
Lion Dates Seeded Arabian 500g,Spencers,Grocery & Staples,500.0,gm,235.0,199.75,15.0
Emperor Dates Deseeded Black 500g,Spencers,Grocery & Staples,500.0,gm,145.0,123.25,15.0
Emperor Dates 500g,Spencers,Grocery & Staples,500.0,gm,250.0,212.5,15.0
Crown Dates Buman 500g,Spencers,Grocery & Staples,500.0,gm,230.0,195.5,15.0
Smart Choice Cashew Whole 320 500g,Spencers,Grocery & Staples,500.0,gm,575.0,485.0,15.65
Smart Choice Almond American 500g,Spencers,Grocery & Staples,500.0,gm,710.0,465.0,34.51
Smart Choice Almond American 100g,Spencers,Grocery & Staples,100.0,gm,155.0,155.0,0.0
Lion Dates Desert King Jar 500g,Spencers,Grocery & Staples,500.0,gm,234.0,198.9,15.0
Lion Dates Desert King Jar 250g,Spencers,Grocery & Staples,250.0,gm,122.0,103.7,15.0
Lion Dates Seedless 500g,Spencers,Grocery & Staples,500.0,gm,154.0,130.9,15.0
Lion Dates Seedless  200g,Spencers,Grocery & Staples,200.0,gm,60.0,51.0,15.0
Lion Dates Seeded 500g,Spencers,Grocery & Staples,500.0,gm,220.0,187.0,15.0
Apis Dates Deseeded 500g,Spencers,Grocery & Staples,500.0,gm,125.0,106.25,15.0
Apis Dates Seeded 500g,Spencers,Grocery & Staples,500.0,gm,99.0,84.15,15.0
Regency  Walnut Shell California 1kg,Spencers,Grocery & Staples,1.0,kg,975.0,955.0,2.05
Regency  Walnut Shell California 500g,Spencers,Grocery & Staples,500.0,gm,499.0,489.0,2.0
Regency Prunes Dried 240G,Spencers,Grocery & Staples,240.0,gm,250.0,199.0,20.4
Mark Premium Trail Mix Nuts&Berry 50g,Spencers,Grocery & Staples,50.0,gm,125.0,125.0,0.0
Mark Premium Trail Mix Nuts Cktal 50g,Spencers,Grocery & Staples,50.0,gm,100.0,100.0,0.0
Apis Dates Fard Arabian Pearl Prm 500g,Spencers,Grocery & Staples,500.0,gm,225.0,191.25,15.0
Apis Dates Zahidi Premium 500g,Spencers,Grocery & Staples,500.0,gm,88.0,74.8,15.0
Smart Choice Walnut Kernel California 250g,Spencers,Grocery & Staples,250.0,gm,325.0,325.0,0.0
Smart Choice Walnut Kernel Chile 500g,Spencers,Grocery & Staples,500.0,gm,799.0,799.0,0.0
Smart Choice Walnut Kernel 250g,Spencers,Grocery & Staples,250.0,gm,425.0,425.0,0.0
Doyen Safawi Premium Seedless Dates 350g,Spencers,Grocery & Staples,350.0,gm,550.0,550.0,0.0
Jumbo Royal Dates 400g,Spencers,Grocery & Staples,400.0,gm,115.0,115.0,0.0
Smart Choice Walnut Shell California 1kg,Spencers,Grocery & Staples,1.0,kg,900.0,725.0,19.44
Puja Sonff Dal Churi 100g,Spencers,Grocery & Staples,100.0,gm,74.0,74.0,0.0
Puja Sweet Sonff 100g,Spencers,Grocery & Staples,100.0,gm,56.0,56.0,0.0
Puja Gulab Churi 100g,Spencers,Grocery & Staples,100.0,gm,65.0,65.0,0.0
Puja Snoff Supari 50g,Spencers,Grocery & Staples,50.0,gm,44.0,44.0,0.0
Puja Pan Supari 50g,Spencers,Grocery & Staples,50.0,gm,44.0,44.0,0.0
Lion Dates MuSmart Choiceat 500g,Spencers,Grocery & Staples,500.0,gm,222.0,188.7,15.0
Puja Gulkand Supari 100g,Spencers,Grocery & Staples,100.0,gm,65.0,65.0,0.0
Mark Premium Fig - Anjeer 200g,Spencers,Grocery & Staples,200.0,gm,375.0,375.0,0.0
Mark Premium Pista Rstd Slt 100g,Spencers,Grocery & Staples,100.0,gm,195.0,195.0,0.0
Mark Premium Cashew Rst Salted 100g,Spencers,Grocery & Staples,100.0,gm,190.0,190.0,0.0
Mark Premium Cashew Rstd Pepper 200g,Spencers,Grocery & Staples,200.0,gm,375.0,375.0,0.0
Mark Premium Almond Rstd Salted 200g,Spencers,Grocery & Staples,200.0,gm,320.0,320.0,0.0
Mark Premium Kismis - Raisin Spl 200g,Spencers,Grocery & Staples,200.0,gm,165.0,165.0,0.0
Mark Premium Cashew Rstd Slt 200g,Spencers,Grocery & Staples,200.0,gm,375.0,375.0,0.0
Mark Premium Walnut Kernel 200g,Spencers,Grocery & Staples,200.0,gm,370.0,370.0,0.0
Divinutty Makhana Peri Peri 100g,Spencers,Grocery & Staples,100.0,gm,130.0,130.0,0.0
Divinutty Makhana Cheese and Herbs 100g,Spencers,Grocery & Staples,100.0,gm,130.0,130.0,0.0
Divinutty Tomato Makhana Foxnuts 45g,Spencers,Grocery & Staples,45.0,gm,55.0,55.0,0.0
Mark Premium Dry Fruits Combo 300g,Spencers,Grocery & Staples,300.0,gm,325.0,325.0,0.0
Spencer's Smart Choice Whole Walnut 500g,Spencers,Grocery & Staples,500.0,gm,255.0,255.0,0.0
Mark Premium Cashew Roasted Chilli 200g,Spencers,Grocery & Staples,200.0,gm,375.0,375.0,0.0
Oleev Ext. Virgin Olive Oil Pet 1Ltr,Spencers,Grocery & Staples,1.0,ltr,1499.0,699.0,53.37
Oleev Pomace Olive Oil Jar 5Ltr,Spencers,Grocery & Staples,5.0,ltr,3999.0,1475.0,63.12
Disano Ext. Light Olive Oil Pet 2Ltr,Spencers,Grocery & Staples,2.0,ltr,2395.0,1049.0,56.2
Disano Ext. Virgin Olive Oil Jar 5Ltr,Spencers,Grocery & Staples,5.0,ltr,5695.0,3299.0,42.07
Disano Ext. Virgin Olive Oil Pet 1Ltr,Spencers,Grocery & Staples,1.0,ltr,1250.0,769.0,38.48
Disano Pure Olive Oil Pet 500ml,Spencers,Grocery & Staples,500.0,ml,675.0,399.0,40.89
Disano Pure Olive Oil Pet 250ml,Spencers,Grocery & Staples,250.0,ml,255.0,199.0,21.96
Disano Pomace Olive Oil Pet 1Ltr,Spencers,Grocery & Staples,1.0,ltr,855.0,399.0,53.33
Annapurna Brown Ghee Bottle 500ml,Spencers,Grocery & Staples,500.0,ml,350.0,350.0,0.0
Smart Choice White Ghee Tetra 500ml,Spencers,Grocery & Staples,500.0,ml,320.0,245.0,23.44
Saffola Vgn Olive  & Flax Oil Pet 1Ltr,Spencers,Grocery & Staples,1.0,ltr,999.0,999.0,0.0
Saffola Vgn Olive  & Flax Oil Jar 250ml,Spencers,Grocery & Staples,250.0,ml,330.0,330.0,0.0
Oleev Smart Pp 1Ltr,Spencers,Grocery & Staples,1.0,ltr,145.0,145.0,0.0
Oleev Health Jar 5Ltr,Spencers,Grocery & Staples,5.0,ltr,825.0,825.0,0.0
Oleev Smart Jar 5Ltr,Spencers,Grocery & Staples,5.0,ltr,725.0,725.0,0.0
Smart Choice Mustard Oil Pp 1Ltr,Spencers,Grocery & Staples,1.0,ltr,140.0,112.0,20.0
Rs Healthy & Spice Oil Pet 175ml,Spencers,Grocery & Staples,175.0,ml,290.0,254.0,12.41
Shellys Brown Ghee Pet 100ml,Spencers,Grocery & Staples,100.0,ml,80.0,80.0,0.0
Delmonte Ext. Light Olive Oil Jar 2Ltr,Spencers,Grocery & Staples,2.0,ltr,2400.0,1020.0,57.5
Alom Canola Rapeseed Oil 3L,Spencers,Grocery & Staples,3.0,ltr,1175.0,499.0,57.53
Olifam Pomace Olive Oil Tin 1Ltr,Spencers,Grocery & Staples,1.0,ltr,3200.0,799.0,75.03
Kalyani's Nature Pure Refined Cooking Oil 5L,Spencers,Grocery & Staples,5.0,ltr,565.0,545.0,3.54
Rs Pomace Olive Oil Pet 1Ltr,Spencers,Grocery & Staples,1.0,ltr,999.0,439.0,56.06
Alom Canola Refined Rapeseed Oil 1L,Spencers,Grocery & Staples,1.0,ltr,450.0,199.0,55.78
Anik White Ghee Tetra 1Ltr,Spencers,Grocery & Staples,1.0,ltr,535.0,520.0,2.8
Dhara Mustard Oil Pp 1Ltr,Spencers,Grocery & Staples,1.0,ltr,145.0,118.0,18.62
Shellys Brown Ghee Pet 250ml,Spencers,Grocery & Staples,250.0,ml,185.0,185.0,0.0
Smart Choice White Ghee Tetra 1Ltr,Spencers,Grocery & Staples,1.0,ltr,540.0,445.0,17.59
Nature Fresh Pure Soya Oil Pp 1Ltr,Spencers,Grocery & Staples,1.0,ltr,125.0,105.0,16.0
Rs Ext. Light Olive Oil Jar 2Ltr,Spencers,Grocery & Staples,2.0,ltr,2699.0,1081.0,59.95
Borges Ext. Light Olive Oil Jar 250ml,Spencers,Grocery & Staples,250.0,ml,375.0,315.0,16.0
Delmonte Pomace Olive Oil Tin 5Ltr,Spencers,Grocery & Staples,5.0,ltr,3900.0,1714.0,56.05
Delmonte Pomace Olive Oil Pet 1Ltr,Spencers,Grocery & Staples,1.0,ltr,850.0,414.0,51.29
Delmonte Ext. Light Olive Oil Pet 1Ltr,Spencers,Grocery & Staples,1.0,ltr,1250.0,612.0,51.04
Borges Pure Olive Oil Pp 1Ltr,Spencers,Grocery & Staples,1.0,ltr,1350.0,767.0,43.19
Jivo Canola Oil Pp 1Ltr,Spencers,Grocery & Staples,1.0,ltr,250.0,206.0,17.6
Rs Ext. Virgin Olive Oil Jar 250ml,Spencers,Grocery & Staples,250.0,ml,350.0,328.0,6.29
Rs Pure Olive Oil Pp 1Ltr,Spencers,Grocery & Staples,1.0,ltr,1499.0,764.0,49.03
Leonardo Ext. Light Olive Oil Jar 2Ltr,Spencers,Grocery & Staples,2.0,ltr,2799.0,1223.0,56.31
Patanjali Cow Ghee Tetra 500ml,Spencers,Grocery & Staples,500.0,ml,295.0,295.0,0.0
Borges Ext. Light Olive Oil Pet 2Ltr,Spencers,Grocery & Staples,2.0,ltr,2600.0,1163.0,55.27
Rs Pomace Olive Oil Jar 2Ltr,Spencers,Grocery & Staples,2.0,ltr,2299.0,921.0,59.94
Patanjali Cow Ghee Tetra 1Ltr,Spencers,Grocery & Staples,1.0,ltr,565.0,565.0,0.0
Oleev Active Pp 1Ltr,Spencers,Grocery & Staples,1.0,ltr,185.0,185.0,0.0
Rs Pure Olive Oil Pet 175ml,Spencers,Grocery & Staples,175.0,ml,289.0,229.0,20.76
Borges Pomace Olive Oil Pet 5Ltr,Spencers,Grocery & Staples,5.0,ltr,3400.0,1398.0,58.88
Borges Pomace Olive Oil Pet 1Ltr,Spencers,Grocery & Staples,1.0,ltr,700.0,291.0,58.43
Gowardhan Cow Ghee Pet 1Ltr,Spencers,Grocery & Staples,1.0,ltr,599.0,589.0,1.67
Gowardhan Cow Ghee Pet 500ml,Spencers,Grocery & Staples,500.0,ml,310.0,305.0,1.61
Saffola Active Pp 1Ltr,Spencers,Grocery & Staples,1.0,ltr,135.0,125.0,7.41
Borges Ext. Light Olive Oil Pet 500ml,Spencers,Grocery & Staples,500.0,ml,700.0,485.0,30.71
Borges Pure Olive Oil Jar 250ml,Spencers,Grocery & Staples,250.0,ml,375.0,275.0,26.67
Borges Ext. Virgin Olive Oil Jar 250ml,Spencers,Grocery & Staples,250.0,ml,400.0,340.0,15.0
Borges Ext. Virgin Olive Oil Pet 1Ltr,Spencers,Grocery & Staples,1.0,ltr,1400.0,824.0,41.14
Borges Pure Olive Oil Pet 500ml,Spencers,Grocery & Staples,500.0,ml,700.0,435.0,37.86
Borges Ext. Virgin Olive Oil Pet 500ml,Spencers,Grocery & Staples,500.0,ml,750.0,510.0,32.0
Borges Ext. Light Olive Oil Pet 1Ltr,Spencers,Grocery & Staples,1.0,ltr,1350.0,748.0,44.59
Saffola Gold Oil Jar 5Ltr,Spencers,Grocery & Staples,5.0,ltr,825.0,825.0,0.0
Saffola Gold Oil Pp 1Ltr,Spencers,Grocery & Staples,1.0,ltr,139.0,139.0,0.0
Shellys Fish  Jhol Masala 100g,Spencers,Grocery & Staples,100.0,gm,80.0,80.0,0.0
Shellys Dalna Mix Masala 100g,Spencers,Grocery & Staples,100.0,gm,80.0,80.0,0.0
Organic Tattva Coriander Powder 100g,Spencers,Grocery & Staples,100.0,gm,45.0,45.0,0.0
Kohinoor Garam Masala   E Khaas 40G,Spencers,Grocery & Staples,40.0,gm,69.0,69.0,0.0
By Nature Pink Salt 400g,Spencers,Grocery & Staples,400.0,gm,160.0,160.0,0.0
Keya Pepper  Black grinder 50g,Spencers,Grocery & Staples,50.0,gm,159.0,159.0,0.0
Kesari Saffron 5G,Spencers,Grocery & Staples,5.0,gm,195.0,195.0,0.0
DNV Poppy- Khus Khus 500g,Spencers,Grocery & Staples,500.0,gm,822.0,822.0,0.0
Keya Piri Piri 80G,Spencers,Grocery & Staples,80.0,gm,99.0,99.0,0.0
Kohinoor Chicken Masala Butter 15G,Spencers,Grocery & Staples,15.0,gm,20.0,20.0,0.0
Kohinoor Meat Masala Kashmiri 15G,Spencers,Grocery & Staples,15.0,gm,20.0,20.0,0.0
Everest Jeera Powder 100g,Spencers,Grocery & Staples,100.0,gm,50.0,50.0,0.0
Tata Sampann Turmeric Powder 100g,Spencers,Grocery & Staples,100.0,gm,31.0,31.0,0.0
Smart Choice Monosodium glutamate 100g,Spencers,Grocery & Staples,100.0,gm,40.0,40.0,0.0
Keya Cinnamon Powder Srilanka 50g,Spencers,Grocery & Staples,50.0,gm,159.0,159.0,0.0
Mark Premium Jeera Whole 100g,Spencers,Grocery & Staples,100.0,gm,49.0,49.0,0.0
Mark Premium Panchphoran 100g,Spencers,Grocery & Staples,100.0,gm,35.0,35.0,0.0
Parampara Paneer Makhanwala Ready Masala 60g,Spencers,Grocery & Staples,60.0,gm,48.0,48.0,0.0
Smart Choice Mustard  Fine 100g,Spencers,Grocery & Staples,100.0,gm,25.0,25.0,0.0
Shelly's Spice Pack of 4 500g,Spencers,Grocery & Staples,500.0,gm,204.0,204.0,0.0
Shelly's Combo Large Box 1653g,Spencers,Grocery & Staples,1653.0,gm,410.0,410.0,0.0
Shelly's Combo Pack 200g,Spencers,Grocery & Staples,200.0,gm,243.0,243.0,0.0
Spencer's Smart Choice Ginger Garlic Paste 200g,Spencers,Grocery & Staples,200.0,gm,39.0,35.1,10.0
Parampara Ready To Cook Kolhapuri Gravy Mix 80g,Spencers,Grocery & Staples,80.0,gm,48.0,48.0,0.0
Tata Sampann Coriander Powder 100g,Spencers,Grocery & Staples,100.0,gm,31.0,31.0,0.0
Knorr Chinese Noodles/Fried Rice Masala 30g,Spencers,Grocery & Staples,30.0,gm,30.0,30.0,0.0
Parampara Chicken Moghlai 80g,Spencers,Grocery & Staples,80.0,gm,48.0,48.0,0.0
Tata Sampann Chicken Masala 100g,Spencers,Grocery & Staples,100.0,gm,77.0,77.0,0.0
Parampara Vegetable Biryani 80g,Spencers,Grocery & Staples,80.0,gm,48.0,48.0,0.0
Everest Shahi Paneer Masala 100g,Spencers,Grocery & Staples,100.0,gm,78.0,78.0,0.0
Mark Premium Ajwain 100g,Spencers,Grocery & Staples,100.0,gm,55.0,55.0,0.0
Mark Premium Mustard Black 100g,Spencers,Grocery & Staples,100.0,gm,18.0,18.0,0.0
Mark Premium Kala Jeera - Kalonji 100g,Spencers,Grocery & Staples,100.0,gm,55.0,55.0,0.0
Mark Premium Cloves 25g,Spencers,Grocery & Staples,25.0,gm,35.0,35.0,0.0
Knorr Dal Makhani 31g,Spencers,Grocery & Staples,31.0,gm,50.0,50.0,0.0
Khushi's Garlic Ginger Magic Mix 50g,Spencers,Grocery & Staples,50.0,gm,50.0,50.0,0.0
Mark Premium Jeera Powder 200g,Spencers,Grocery & Staples,200.0,gm,105.0,105.0,0.0
Aashirvaad Jeera Powder 50g,Spencers,Grocery & Staples,50.0,gm,25.0,25.0,0.0
Smart Choice Poppy- Khus Khus 500g,Spencers,Grocery & Staples,500.0,gm,999.0,999.0,0.0
DNV Black Pepper Powder 25g,Spencers,Grocery & Staples,25.0,gm,41.0,41.0,0.0
Everest Hingraj 100g,Spencers,Grocery & Staples,100.0,gm,160.0,160.0,0.0
Everest Fish Curry 50g,Spencers,Grocery & Staples,50.0,gm,40.0,40.0,0.0
DNV Mustard Yellow 100g,Spencers,Grocery & Staples,100.0,gm,19.0,19.0,0.0
DNV Mustard Red 100g,Spencers,Grocery & Staples,100.0,gm,18.0,18.0,0.0
DNV Ajwain 100g,Spencers,Grocery & Staples,100.0,gm,50.0,50.0,0.0
DNV Jeera Whole 100g,Spencers,Grocery & Staples,100.0,gm,52.0,52.0,0.0
DNV Panchphoran 100g,Spencers,Grocery & Staples,100.0,gm,38.0,38.0,0.0
DNV Panchphoran 50g,Spencers,Grocery & Staples,50.0,gm,19.0,19.0,0.0
DNV Kala Jeera - Kalonji 100g,Spencers,Grocery & Staples,100.0,gm,48.0,48.0,0.0
DNV Kala Jeera - Kalonji 50g,Spencers,Grocery & Staples,50.0,gm,24.0,24.0,0.0
DNV Sounf  Moti 50g,Spencers,Grocery & Staples,50.0,gm,20.0,20.0,0.0
DNV Jeera  Whole 50g,Spencers,Grocery & Staples,50.0,gm,26.0,26.0,0.0
Khushi's Pizza Magic Mix 50g,Spencers,Grocery & Staples,50.0,gm,69.0,69.0,0.0
Punjab Di Rasoi Mutton Biryani Ready Paste 200g,Spencers,Grocery & Staples,200.0,gm,65.0,65.0,0.0
Mark Premium Jeera Whole 200g,Spencers,Grocery & Staples,200.0,gm,95.0,95.0,0.0
Mark Premium Turmeric Powder 200g,Spencers,Grocery & Staples,200.0,gm,55.0,55.0,0.0
Mark Premium Chilli  Flakes 20g,Spencers,Grocery & Staples,20.0,gm,15.0,15.0,0.0
Mark Premium Coriander Whole 100g,Spencers,Grocery & Staples,100.0,gm,35.0,35.0,0.0
Mark Premium Mustard Yellow 100g,Spencers,Grocery & Staples,100.0,gm,20.0,20.0,0.0
Mark Premium Methi  100g,Spencers,Grocery & Staples,100.0,gm,19.0,19.0,0.0
Tata Iodised Salt 1kg,Spencers,Grocery & Staples,1.0,kg,20.0,20.0,0.0
Tata Lite Salt 1kg,Spencers,Grocery & Staples,1.0,kg,35.0,35.0,0.0
Sugar loose 1kg,Spencers,Grocery & Staples,1.0,kg,70.0,38.0,45.71
Aashirvaad Iodised Salt 1kg,Spencers,Grocery & Staples,1.0,kg,20.0,19.0,5.0
Tata Rock Salt 1kg,Spencers,Grocery & Staples,1.0,kg,110.0,110.0,0.0
Zydus Sugarlite Pouch 500g,Spencers,Grocery & Staples,500.0,gm,99.0,79.0,20.2
Dhampure Green Cinnamon Sug Cube 500g,Spencers,Grocery & Staples,500.0,gm,80.0,80.0,0.0
Tata Nx Zero Sugar Jar 120g,Spencers,Grocery & Staples,120.0,gm,275.0,275.0,0.0
Puro Healthy Salt 1kg,Spencers,Grocery & Staples,1.0,kg,110.0,99.0,10.0
Sugar Free Green Stevia 100-Tab,Spencers,Grocery & Staples,100.0,unit,75.0,65.0,13.33
Gaia Stevia Natural Sweetener 175g,Spencers,Grocery & Staples,175.0,gm,350.0,315.0,10.0
Sugar Free Natura 100 Sachets,Spencers,Grocery & Staples,100.0,unit,150.0,150.0,0.0
Mark Premium Nakul Dana 200g,Spencers,Grocery & Staples,200.0,gm,35.0,35.0,0.0
Smart Choice Sendha Namak 100g,Spencers,Grocery & Staples,100.0,gm,9.0,8.0,11.11
Shellys Tal Mishri 500g,Spencers,Grocery & Staples,500.0,gm,60.0,60.0,0.0
Naturally Sweet Steviocal Sweetener Box 50g,Spencers,Grocery & Staples,50.0,gm,125.0,125.0,0.0
Mawana White Crystal Sugar 1kg,Spencers,Grocery & Staples,1.0,kg,65.0,56.0,13.85
Gaia Lite Stevia Tablets 100 U (units),Spencers,Grocery & Staples,100.0,unit,100.0,90.0,10.0
Sugar Free Natura Sweet Drops 10ml,Spencers,Grocery & Staples,10.0,ml,140.0,140.0,0.0
Sugar Free Natura Tablets 300 U (units) 25.5g,Spencers,Grocery & Staples,25.5,gm,190.0,190.0,0.0
Sugar Free Gold Tablets 500 U (units) 50g,Spencers,Grocery & Staples,50.0,gm,250.0,250.0,0.0
Sugar Free Natura Powder 100g,Spencers,Grocery & Staples,100.0,gm,145.0,135.0,6.9
Sugar Free Gold Tablets 300 U (units) 30g,Spencers,Grocery & Staples,30.0,gm,180.0,180.0,0.0
Cadbury Fuse Home Treats 170.5g,Spencers,Branded Foods,170.5,gm,149.0,149.0,0.0
Cadbury Dairy Milk Crispello 33G 33g,Spencers,Branded Foods,33.0,gm,30.0,30.0,0.0
Cadbury Silk Home Treats 180g,Spencers,Branded Foods,180.0,gm,200.0,200.0,0.0
Cadbury Dairy Milk Lickables 20g,Spencers,Branded Foods,20.0,gm,45.0,45.0,0.0
Cadbury Dairy Milk Silk Oreo 60g,Spencers,Branded Foods,60.0,gm,80.0,80.0,0.0
Cadbury Dairy Milk Silk Fruit and Nut 60g,Spencers,Branded Foods,60.0,gm,70.0,70.0,0.0
Cadbury Dairy Milk Home Treats 7gx20 U (units),Spencers,Branded Foods,1.0,unit,149.0,149.0,0.0
Cadbury Dairy Milk Silk Roast Almond 60g,Spencers,Branded Foods,60.0,gm,70.0,70.0,0.0
Cadbury Dairy Milk 25g,Spencers,Branded Foods,25.0,gm,20.0,20.0,0.0
Cadbury Perk Home Treats 200g,Spencers,Branded Foods,200.0,gm,99.0,99.0,0.0
Dairy Milk Peppermint Milk Chocolate 200g,Spencers,Branded Foods,200.0,gm,595.0,595.0,0.0
Cadbury Dairy Milk Top Deck 200g,Spencers,Branded Foods,200.0,gm,595.0,595.0,0.0
Cadbury Bournvita Crunchy Choco Cookies 250g,Spencers,Branded Foods,250.0,gm,60.0,60.0,0.0
"Cadbury Dairy Milk Flavours of Joy, Pack of 3 Chocolates 114g",Spencers,Branded Foods,114.0,gm,99.0,99.0,0.0
Cadbury Shots Chocolate 18g,Spencers,Branded Foods,18.0,gm,10.0,10.0,0.0
Cadbury Celebration 190.3g,Spencers,Branded Foods,190.3,gm,199.0,199.0,0.0
Cadbury Fuse Chocolate Bar 25g,Spencers,Branded Foods,25.0,gm,20.0,20.0,0.0
Bournvita Crunchie Chocolatey Cookies 120g,Spencers,Branded Foods,120.0,gm,30.0,30.0,0.0
Cadbury Dairy Milk Chocolate 54g,Spencers,Branded Foods,54.0,gm,40.0,40.0,0.0
Cadbury Dairy Milk Silk Bubbly 120g,Spencers,Branded Foods,120.0,gm,170.0,170.0,0.0
Cadbury Dairy Milk Silk Bubbly 50g,Spencers,Branded Foods,50.0,gm,80.0,80.0,0.0
Cadbury Choclairs Gold Toffee 137.5g,Spencers,Branded Foods,137.5,gm,50.0,50.0,0.0
Cadbury 5 Star Home Treats 200g,Spencers,Branded Foods,200.0,gm,149.0,149.0,0.0
Cadbury Temptations Rum Raisins 72g,Spencers,Branded Foods,72.0,gm,90.0,90.0,0.0
Cadbury Temptations Almond Treat Chocolate 72g,Spencers,Branded Foods,72.0,gm,100.0,100.0,0.0
Cadbury Celebrations 141g,Spencers,Branded Foods,141.0,gm,135.0,135.0,0.0
Cadbury Celebrations Pack,Spencers,Branded Foods,1.0,unit,50.0,50.0,0.0
Cadbury Dairy Milk Silk 60g,Spencers,Branded Foods,60.0,gm,70.0,70.0,0.0
Dairy Milk Roast Almond Chocolate 38g,Spencers,Branded Foods,38.0,gm,45.0,45.0,0.0
Cadbury Dairy Milk 13g,Spencers,Branded Foods,13.0,gm,10.0,10.0,0.0
Cadbury Dairy Milk Fruit and Nut 80g,Spencers,Branded Foods,80.0,gm,90.0,90.0,0.0
Cadbury Dairy Milk Fruit and Nut 38g,Spencers,Branded Foods,38.0,gm,45.0,45.0,0.0
L Exclusif Orange Choco Bar Rose Almond 75g,Spencers,Branded Foods,75.0,gm,315.0,315.0,0.0
L Exclusif Orange Choco Bar Seasalt 75g,Spencers,Branded Foods,75.0,gm,315.0,315.0,0.0
L Exclusif Orange Choco Bar Lemon Ginger 75g,Spencers,Branded Foods,75.0,gm,315.0,315.0,0.0
L Exclusif Orange Choco Bar Blueberry Walnut 75g,Spencers,Branded Foods,75.0,gm,315.0,315.0,0.0
Parle Black Bourbon Vanilla 300G,Spencers,Branded Foods,300.0,gm,100.0,100.0,0.0
Bhikaram Chandmal Dry Fruit Laddu 336g,Spencers,Branded Foods,336.0,gm,360.0,360.0,0.0
Bhikaram Chandmal Badam Gond Laddu 336g,Spencers,Branded Foods,336.0,gm,270.0,270.0,0.0
Oreo Cadbury Dipped 150g,Spencers,Branded Foods,150.0,gm,60.0,60.0,0.0
Unibic Fruit And Nut Crackers Fp 150g,Spencers,Branded Foods,150.0,gm,50.0,50.0,0.0
Bisk Farm English Cracker 150g,Spencers,Branded Foods,150.0,gm,30.0,30.0,0.0
Britannia Treat Burst Choco Cream Fills 60g,Spencers,Branded Foods,60.0,gm,15.0,15.0,0.0
Fabelle Soft Centres Choco Mousse 130g,Spencers,Branded Foods,130.0,gm,170.0,170.0,0.0
Amul Milk Chocolate 40g,Spencers,Branded Foods,40.0,gm,25.0,25.0,0.0
Fabelle Soft Centres Choco Mousse 60g,Spencers,Branded Foods,60.0,gm,80.0,80.0,0.0
Fabelle Soft Centres Almond Mousse 58.5g,Spencers,Branded Foods,58.5,gm,80.0,80.0,0.0
Fabelle Choco Deck Milk Chocolate 130g,Spencers,Branded Foods,130.0,gm,160.0,160.0,0.0
Fabelle Choco Deck Milk Chocolate 60g,Spencers,Branded Foods,60.0,gm,70.0,70.0,0.0
Fabelle Choco Deck Fruit & Nut 128g,Spencers,Branded Foods,128.0,gm,160.0,160.0,0.0
Fabelle Dark Mousse Bar 135g,Spencers,Branded Foods,135.0,gm,350.0,350.0,0.0
Fabelle gianduja 140g,Spencers,Branded Foods,140.0,gm,900.0,900.0,0.0
Tictac Intensor 15.5g,Spencers,Branded Foods,15.5,gm,20.0,20.0,0.0
Orbit Mixed Fruit Bottle 66g,Spencers,Branded Foods,66.0,gm,150.0,150.0,0.0
Orbit Spearmint Bottle 66g,Spencers,Branded Foods,66.0,gm,150.0,150.0,0.0
Silk Hazelnut 58g,Spencers,Branded Foods,58.0,gm,70.0,70.0,0.0
Unibic Chocolate Chip Cookies 500g,Spencers,Branded Foods,500.0,gm,165.0,115.5,30.0
Unibic Happy Teddy's Choco 25g,Spencers,Branded Foods,25.0,gm,155.0,108.5,30.0
Unibic Snackbar Choco Nutty Nuts 30g,Spencers,Branded Foods,30.0,gm,40.0,40.0,0.0
True Elements Protein Mix Roasted Pumpkin Watermelon Almonds & Soyanuts 125gm,Spencers,Branded Foods,125.0,gm,120.0,120.0,0.0
Pringles Pizza 110G 110g,Spencers,Branded Foods,110.0,gm,99.0,99.0,0.0
Too Yumm Multigrain Chips Dahi Papdi Chaat 80g,Spencers,Branded Foods,80.0,gm,35.0,35.0,0.0
Too Yumm Mltigrin Chips Chinese Hot and Sour 80g,Spencers,Branded Foods,80.0,gm,35.0,35.0,0.0
Too Yumm Veggie Stix Sour Cream and Onion 80g,Spencers,Branded Foods,80.0,gm,35.0,35.0,0.0
Too Yumm Veggie Stix Chilli Chataka 80g,Spencers,Branded Foods,80.0,gm,35.0,35.0,0.0
Too Yumm Karare noodle Masala 80g,Spencers,Branded Foods,80.0,gm,20.0,20.0,0.0
Too Yumm Karare noodle Masala 42g,Spencers,Branded Foods,42.0,gm,10.0,10.0,0.0
Too Yumm Karare munchy Masala 80g,Spencers,Branded Foods,80.0,gm,20.0,20.0,0.0
Too Yumm Karare munchy Masala 42g,Spencers,Branded Foods,42.0,gm,10.0,10.0,0.0
Too Yumm Karare chilli Achari 80g,Spencers,Branded Foods,80.0,gm,20.0,20.0,0.0
Too Yumm Karare chilli Achari 42g,Spencers,Branded Foods,42.0,gm,10.0,10.0,0.0
Pipo Popcorn Mixin Peri Peri 60g,Spencers,Branded Foods,60.0,gm,30.0,30.0,0.0
Pipo Popcorn Butter Lovers 90g,Spencers,Branded Foods,90.0,gm,67.0,67.0,0.0
Pipo Popcorn Butter Lovers 150g,Spencers,Branded Foods,150.0,gm,40.0,40.0,0.0
Pipo Popcorn Mixin Desi Cocktail 60g,Spencers,Branded Foods,60.0,gm,30.0,30.0,0.0
Pipo Popcorn Mixin Cheese Burst 60g,Spencers,Branded Foods,60.0,gm,30.0,30.0,0.0
Pipo Popcorn Classic Salted 40g,Spencers,Branded Foods,40.0,gm,10.0,10.0,0.0
Cornitos Nachos Cheesy Sour Cream Onion 150g,Spencers,Branded Foods,150.0,gm,85.0,85.0,0.0
Cornitos Nachos Cheesy Sour Cream Onion 60g,Spencers,Branded Foods,60.0,gm,35.0,35.0,0.0
Cornitos Nachos Crisps-Salsa Combo 140g,Spencers,Branded Foods,140.0,gm,65.0,65.0,0.0
Doritos 40Gm,Spencers,Branded Foods,40.0,gm,95.0,95.0,0.0
Act ll Diet Popcorn Olive Oil 70g,Spencers,Branded Foods,70.0,gm,30.0,30.0,0.0
Act ll Diet Popcorn Low Salt 70g,Spencers,Branded Foods,70.0,gm,30.0,30.0,0.0
Bhikharam Chandmal Jhal Chanachur 200g,Spencers,Branded Foods,200.0,gm,50.0,50.0,0.0
Jabsons Peanut Classic Salted 160g,Spencers,Branded Foods,160.0,gm,55.0,55.0,0.0
Act II Popcorn Classic Caramel Bliss 70g,Spencers,Branded Foods,70.0,gm,65.0,65.0,0.0
Act II MWPC Cheddar Cheese Popcorn 2+1 297g,Spencers,Branded Foods,297.0,gm,180.0,180.0,0.0
Act II Ready To Eat Butter Popcorn 50g,Spencers,Branded Foods,50.0,gm,20.0,20.0,0.0
Mukharochak Dhania Peanuts 36g,Spencers,Branded Foods,36.0,gm,10.0,10.0,0.0
Mukharochak Hing Jeera Peanuts 36g,Spencers,Branded Foods,36.0,gm,10.0,10.0,0.0
Mukharochak Diet Chira 200g,Spencers,Branded Foods,200.0,gm,50.0,50.0,0.0
Mukharochak Chaal Bhaja 200g,Spencers,Branded Foods,200.0,gm,55.0,55.0,0.0
Daadis Mobile Khakhra Masala 60g,Spencers,Branded Foods,60.0,gm,20.0,20.0,0.0
Jabsons Cocktail Nuts 120g,Spencers,Branded Foods,120.0,gm,70.0,70.0,0.0
Jabsons Roasted Gud Chana 150g,Spencers,Branded Foods,150.0,gm,70.0,70.0,0.0
Jabsons Peanuts Thai Sweet Chilly 140g,Spencers,Branded Foods,140.0,gm,70.0,70.0,0.0
Too Yumm! Multigrain Chips Dahi Papdi Chaat 60g,Spencers,Branded Foods,60.0,gm,20.0,20.0,0.0
2 Kurkure Plus Triangle,Spencers,Branded Foods,1.0,unit,54.0,54.0,0.0
Too Yumm! Wheat Thins Desi Tadka 70g,Spencers,Branded Foods,70.0,gm,40.0,40.0,0.0
Too Yumm! Wheat Thins Minty Pudina 70g,Spencers,Branded Foods,70.0,gm,40.0,40.0,0.0
Too Yumm! Wheat Thins Minty Pudina 32g,Spencers,Branded Foods,32.0,gm,20.0,20.0,0.0
Whole Foods Low Cal Multigrain Bhel 200g,Spencers,Branded Foods,200.0,gm,95.0,95.0,0.0
Bittu's Sonar Bangla Sweet Hot Sour Namkeen Mixture 200g,Spencers,Branded Foods,200.0,gm,40.0,40.0,0.0
Too Yumm! Fox Nuts Homestyle Classic 38g,Spencers,Branded Foods,38.0,gm,30.0,30.0,0.0
Too Yumm Foxnuts Wasabi 23g,Spencers,Branded Foods,23.0,gm,20.0,20.0,0.0
Too Yumm Foxnuts Tandoori 23g,Spencers,Branded Foods,23.0,gm,30.0,30.0,0.0
Too Yumm Foxnuts Homestyle 23g,Spencers,Branded Foods,23.0,gm,30.0,30.0,0.0
Too Yumm Foxnuts Chatpata Masala 23g,Spencers,Branded Foods,23.0,gm,30.0,30.0,0.0
Too Yumm Foxnuts Wasabi 38g,Spencers,Branded Foods,38.0,gm,40.0,40.0,0.0
Too Yumm Foxnuts Tandoori 38g,Spencers,Branded Foods,38.0,gm,50.0,50.0,0.0
Too Yumm Foxnuts Homestyle 38g,Spencers,Branded Foods,38.0,gm,50.0,50.0,0.0
Too Yumm Foxnuts Chatpata Masala 38g,Spencers,Branded Foods,38.0,gm,50.0,50.0,0.0
Too Yumm Veggie Stix Sour Cream & Onion 60g,Spencers,Branded Foods,60.0,gm,20.0,20.0,0.0
Flavors of Punjab Til Meethi Mathri 200 g,Spencers,Branded Foods,200.0,gm,55.0,55.0,0.0
Spencer's Smart Choice Savories Sil Ladoo 12 U (Units),Spencers,Branded Foods,12.0,unit,49.0,49.0,0.0
Healthy Alternative Steel Cut Oats 500g,Spencers,Branded Foods,500.0,gm,215.0,215.0,0.0
Healthy Alternative Quinoa Puff Olive N Herbs 100g,Spencers,Branded Foods,100.0,gm,149.0,149.0,0.0
True Elements Butterscotch Muesli 400gm,Spencers,Branded Foods,400.0,gm,220.0,220.0,0.0
True Elements Chatpati Protein Muesli 1000gm,Spencers,Branded Foods,1000.0,gm,520.0,520.0,0.0
True Elements Cranberry And Blueberry Muesli 1000gm,Spencers,Branded Foods,1000.0,gm,520.0,520.0,0.0
True Elements Cranberry And Blueberry Muesli 400gm,Spencers,Branded Foods,400.0,gm,250.0,250.0,0.0
True Elements Fruit And Nut Muesli 400gm,Spencers,Branded Foods,400.0,gm,220.0,220.0,0.0
True Elements No Added Sugar Muesli 1000gm,Spencers,Branded Foods,1000.0,gm,450.0,450.0,0.0
True Elements Steel Cut Oats Gluten Free 1000gm,Spencers,Branded Foods,1000.0,gm,325.0,325.0,0.0
Kelloggs Oats 1.5Kg,Spencers,Branded Foods,1.5,kg,260.0,235.0,9.62
Saffola Masala Oats Classic Masala 120G,Spencers,Branded Foods,120.0,gm,49.0,49.0,0.0
Kelloggs Cornflakes 1.2Kg,Spencers,Branded Foods,1.2,kg,425.0,425.0,0.0
Britannia Marie gold 1Kg,Spencers,Branded Foods,1.0,kg,120.0,120.0,0.0
Kellogg Corn Flakes Kesarpista Badam 280g,Spencers,Branded Foods,280.0,gm,160.0,160.0,0.0
Kellogg'S Muesli Nuts Delight 160g,Spencers,Branded Foods,160.0,gm,99.0,99.0,0.0
Spl Sc Oats 400g,Spencers,Branded Foods,400.0,gm,75.0,75.0,0.0
Rite Bite Max Prot Green Coffee Bean 70g,Spencers,Branded Foods,70.0,gm,125.0,125.0,0.0
Rite Bite Choco Almond Pack Of 6 300g,Spencers,Branded Foods,300.0,gm,360.0,360.0,0.0
Rite Bite Workout Choco Berry 50g,Spencers,Branded Foods,50.0,gm,65.0,65.0,0.0
True Elements Steel Cut Oats Gluten Free 500gm,Spencers,Branded Foods,500.0,gm,200.0,200.0,0.0
True Elements Rolled Oats Gluten Free 500gm,Spencers,Branded Foods,500.0,gm,200.0,200.0,0.0
Ritebite Max Protein Professional Choco Berry 100g,Spencers,Branded Foods,100.0,gm,170.0,170.0,0.0
Ritebite Green Tea Orange Pack Of 6 420g,Spencers,Branded Foods,420.0,gm,695.0,695.0,0.0
Ritebite Workout Choco Almond 50g,Spencers,Branded Foods,50.0,gm,65.0,65.0,0.0
Kellogg's Corn Flakes Breakfast Pack 70g,Spencers,Branded Foods,70.0,gm,20.0,20.0,0.0
Kellogg's Choco Fills 250g,Spencers,Branded Foods,250.0,gm,175.0,175.0,0.0
MTR 3 Minute Breakfast Vegetable Upma 60 g,Spencers,Branded Foods,60.0,gm,20.0,20.0,0.0
Kellogg's Strawberry Cornflakes 26g,Spencers,Branded Foods,26.0,gm,10.0,10.0,0.0
Kellogg's Chocos Fundoo Pack 12g,Spencers,Branded Foods,12.0,gm,40.0,40.0,0.0
Quaker Oats Jar 1kg,Spencers,Branded Foods,1.0,kg,232.0,232.0,0.0
Quaker Homestyle Masala Oats 40g,Spencers,Branded Foods,40.0,gm,10.0,10.0,0.0
Quaker Oats Refill Pack 1kg,Spencers,Branded Foods,1.0,kg,190.0,180.0,5.26
Soulfull Vanilla-Fills Flavoured Ragi Bites 100g,Spencers,Branded Foods,100.0,gm,69.0,69.0,0.0
Steel Cut Oats,Spencers,Branded Foods,1.0,unit,500.0,500.0,0.0
Bagrry's Muesli Combo Pack 400g,Spencers,Branded Foods,400.0,gm,359.0,359.0,0.0
Soulfull Choco Fills Ragi Bites 100g,Spencers,Branded Foods,100.0,gm,69.0,69.0,0.0
Soulfull Strawberry-Fills Flavoured Ragi Bites 100g,Spencers,Branded Foods,100.0,gm,69.0,69.0,0.0
Gluten Free Museli,Spencers,Branded Foods,1.0,unit,1320.0,1320.0,0.0
Puffed Amaranth,Spencers,Branded Foods,1.0,unit,400.0,400.0,0.0
Kellogg's Oat Bites 450g,Spencers,Branded Foods,450.0,gm,155.0,155.0,0.0
Saffola Oats 1kg,Spencers,Branded Foods,1.0,kg,199.0,199.0,0.0
Quaker Oats Plus 300g,Spencers,Branded Foods,300.0,gm,72.0,72.0,0.0
Bagrry's Oats For Atta 500g,Spencers,Branded Foods,500.0,gm,99.0,99.0,0.0
Soulfull Choco-Fills Flavoured Ragi Bites 250g,Spencers,Branded Foods,250.0,gm,169.0,169.0,0.0
Saffola Masala Oats Peppy Tomato 400g,Spencers,Branded Foods,400.0,gm,190.0,165.0,13.16
Saffola Masala Oats Classic Masala 400g,Spencers,Branded Foods,400.0,gm,190.0,165.0,13.16
Saffola Masala Oats Peppy Tomato 40g,Spencers,Branded Foods,40.0,gm,15.0,15.0,0.0
Saffola Masala Oats Classic Masala 40g,Spencers,Branded Foods,40.0,gm,15.0,15.0,0.0
Kellogg's Chocos Duet 375g,Spencers,Branded Foods,375.0,gm,180.0,180.0,0.0
Gaia Crunchy Muesli Fruit & Nut 400g,Spencers,Branded Foods,400.0,gm,230.0,195.0,15.22
Gaia Crunchy Muesli Fruit And Nut 1kg,Spencers,Branded Foods,1.0,kg,510.0,433.5,15.0
Gaia Real Fruit Muesli 400g,Spencers,Branded Foods,400.0,gm,240.0,205.0,14.58
Kellogg's Oats Chocos Loops 350g,Spencers,Branded Foods,350.0,gm,165.0,165.0,0.0
Kellogg's Special K Protein & Fibre 445g,Spencers,Branded Foods,445.0,gm,210.0,210.0,0.0
Kellogg's Oats Shahi Kheer 39g,Spencers,Branded Foods,39.0,gm,15.0,15.0,0.0
Bagrry's Oats For Suji And Rava 200g,Spencers,Branded Foods,200.0,gm,50.0,50.0,0.0
Quaker Oats Plus 600g,Spencers,Branded Foods,600.0,gm,145.0,145.0,0.0
Saffola Masala Oats Veggie Twist 400g,Spencers,Branded Foods,400.0,gm,190.0,165.0,13.16
Kellogg's Muesli (No Added Sugar) 500g,Spencers,Branded Foods,500.0,gm,315.0,315.0,0.0
Del Monte Foodcraft Elbow Pasta 500g,Spencers,Branded Foods,500.0,gm,110.0,110.0,0.0
Spencer's Chinese Egg Noodle 150g,Spencers,Branded Foods,150.0,gm,35.0,35.0,0.0
Maggi Chicken Cuppa Noodle 67g,Spencers,Branded Foods,67.0,gm,50.0,50.0,0.0
Nissin Cup Noodles Rich Seafood Curry 70g,Spencers,Branded Foods,70.0,gm,50.0,50.0,0.0
Nissin Cup Noodles Rogan Josh Mutton Curry 70g,Spencers,Branded Foods,70.0,gm,50.0,50.0,0.0
Yippee Mood Masala Noodles 280g,Spencers,Branded Foods,280.0,gm,55.0,55.0,0.0
Yippee Mood Masala Noodles 70g,Spencers,Branded Foods,70.0,gm,12.0,12.0,0.0
Spencer's Chinese Veg Noodle 150g,Spencers,Branded Foods,150.0,gm,34.0,34.0,0.0
Licia Vokka Noodles 400g,Spencers,Branded Foods,400.0,gm,42.0,42.0,0.0
Ching's Manchow Instant Soup 30g,Spencers,Branded Foods,30.0,gm,55.0,55.0,0.0
Bambino Macaroni Springs 180g,Spencers,Branded Foods,180.0,gm,20.0,20.0,0.0
MTR Seviyan Vermicelli 875g,Spencers,Branded Foods,875.0,gm,80.0,80.0,0.0
MTR Rice Sevai 400g,Spencers,Branded Foods,400.0,gm,50.0,50.0,0.0
Wai Wai Chicken Flavoured Instant Noodles 65g,Spencers,Branded Foods,65.0,gm,10.0,10.0,0.0
Wai Wai Veg Masala Flavoured Instant Noodles 65g,Spencers,Branded Foods,65.0,gm,10.0,10.0,0.0
Bambino Roasted Vermicelli 170g,Spencers,Branded Foods,170.0,gm,25.0,25.0,0.0
Bambino Roasted Vermicelli 900g,Spencers,Branded Foods,900.0,gm,95.0,95.0,0.0
Bambino Roasted Vermicelli 400g,Spencers,Branded Foods,400.0,gm,52.0,52.0,0.0
Bambino Vermicelli Popular 400g,Spencers,Branded Foods,400.0,gm,42.0,42.0,0.0
Bambino Vermicelli Popular 160g,Spencers,Branded Foods,160.0,gm,20.0,20.0,0.0
Bambino Vermicelli 850g,Spencers,Branded Foods,850.0,gm,75.0,75.0,0.0
Wai Wai 1-2-3 Noodles 65g,Spencers,Branded Foods,65.0,gm,35.0,35.0,0.0
Nissin Top Ramen Fiery Chilli Masala Noodles 280g,Spencers,Branded Foods,280.0,gm,60.0,60.0,0.0
Sunfeast Yippee Magic Masala Noodles 280g,Spencers,Branded Foods,280.0,gm,46.0,46.0,0.0
Maggi Hotheads BBQ Pepper 284g,Spencers,Branded Foods,284.0,gm,75.0,75.0,0.0
Maggi Hotheads Peri Peri 284g,Spencers,Branded Foods,284.0,gm,75.0,75.0,0.0
Chef's Basket Schezwan Hakka Noodles 207g,Spencers,Branded Foods,207.0,gm,75.0,75.0,0.0
Chef's Basket Noodles Khow Suey 182g,Spencers,Branded Foods,182.0,gm,75.0,75.0,0.0
Sunfeast Sour Cream Onion Pasta 70g,Spencers,Branded Foods,70.0,gm,25.0,25.0,0.0
Knorr Noodle Chinese Hot N Spicy 140g,Spencers,Branded Foods,140.0,gm,30.0,30.0,0.0
Wai Wai Chicken Cup Noodles 65g,Spencers,Branded Foods,65.0,gm,35.0,35.0,0.0
Patanjali Atta Noodles 70g,Spencers,Branded Foods,70.0,gm,15.0,15.0,0.0
Sunfeast Yippee Magic Masala Noodles 35g,Spencers,Branded Foods,35.0,gm,5.0,5.0,0.0
Nilon's Cut Sewaiya 150g,Spencers,Branded Foods,150.0,gm,15.0,15.0,0.0
Maggi Cuppa Masala 70g,Spencers,Branded Foods,70.0,gm,45.0,45.0,0.0
Del Monte Gourmet Pasta Penne Rigate 500g,Spencers,Branded Foods,500.0,gm,175.0,175.0,0.0
Del Monte Quality Gourmet Pasta Spaghetti 500g,Spencers,Branded Foods,500.0,gm,175.0,175.0,0.0
Maggi Cuppa Chilly Chow 70g,Spencers,Branded Foods,70.0,gm,45.0,45.0,0.0
Ching's Secret Hot Garlic Instant Noodles 60g,Spencers,Branded Foods,60.0,gm,15.0,15.0,0.0
Knorr Cup-A-Soup Hot & Sour Veg 11g,Spencers,Branded Foods,11.0,gm,10.0,10.0,0.0
Nissin Spiced Chicken Cup Noodles 70g,Spencers,Branded Foods,70.0,gm,45.0,45.0,0.0
Nissin Veggi Manchow Cup Noodles 70g,Spencers,Branded Foods,70.0,gm,45.0,45.0,0.0
Nissin Mazedaar Masala Cup Noodles 70g,Spencers,Branded Foods,70.0,gm,45.0,45.0,0.0
Sunfeast Yippee Masala Tricolor Pasta 70g,Spencers,Branded Foods,70.0,gm,25.0,25.0,0.0
Sunfeast Yippee Creamy Corn Tricolor Pasta 70g,Spencers,Branded Foods,70.0,gm,25.0,25.0,0.0
Sunfeast Yippee Magic Masala Noodles 70g,Spencers,Branded Foods,70.0,gm,10.0,10.0,0.0
Del Monte Quality Chifferi Rigati Pasta 500g,Spencers,Branded Foods,500.0,gm,175.0,175.0,0.0
Del Monte Spirali Gourmet Pasta 500g,Spencers,Branded Foods,500.0,gm,175.0,175.0,0.0
Ching's Secret Hot Garlic Instant Noodles 240g,Spencers,Branded Foods,240.0,gm,60.0,60.0,0.0
Ching's Secret Schezwan Instant Noodles 240g,Spencers,Branded Foods,240.0,gm,60.0,60.0,0.0
Ching's Secret Manchurian Instant Noodles 60g,Spencers,Branded Foods,60.0,gm,15.0,15.0,0.0
Knorr Classic Mixed Vegetable Soup 45g,Spencers,Branded Foods,45.0,gm,55.0,55.0,0.0
MTR Seviyan Vermicelli 400g,Spencers,Branded Foods,400.0,gm,42.0,42.0,0.0
Nissin Top Ramen Chicken Instant Noodles 280g,Spencers,Branded Foods,280.0,gm,60.0,60.0,0.0
Top Ramen Curry Saucy Flat Noodles Veg 70g,Spencers,Branded Foods,70.0,gm,20.0,20.0,0.0
Knorr Sweet Corn Chicken Soup 42g,Spencers,Branded Foods,42.0,gm,55.0,55.0,0.0
Nature'S Treat Zestfl Berry 115G,Spencers,Branded Foods,115.0,gm,120.0,120.0,0.0
Chandan Majestic Rose 200g,Spencers,Branded Foods,200.0,gm,150.0,150.0,0.0
Chandan Lush green 200g,Spencers,Branded Foods,200.0,gm,150.0,150.0,0.0
Nature'S Treat Nutri Pumpkin 75g,Spencers,Branded Foods,75.0,gm,130.0,130.0,0.0
Dnv Shahi Masala Papad 200g,Spencers,Branded Foods,200.0,gm,95.0,95.0,0.0
Druk Sweet Corn Cream style 450g,Spencers,Branded Foods,450.0,gm,68.0,68.0,0.0
Tasty Fresh Malabar Paratha 300g,Spencers,Branded Foods,300.0,gm,95.0,95.0,0.0
Tasty Fresh Aloo Paratha 400g,Spencers,Branded Foods,400.0,gm,105.0,105.0,0.0
Delmonte Dried Blueberries 130g,Spencers,Branded Foods,130.0,gm,430.0,430.0,0.0
Slurrp Farm Millet Dosa Mix Supergrain and Spinach 150g,Spencers,Branded Foods,150.0,gm,89.0,89.0,0.0
Slurrp Farm Millet Dosa Mix Supergrains and Beetroot 150g,Spencers,Branded Foods,150.0,gm,89.0,89.0,0.0
Natures Treat Banarasi Aloo Papad Chaat Masala 140g,Spencers,Branded Foods,140.0,gm,180.0,180.0,0.0
Ambika Appalam/Papad 500g,Spencers,Branded Foods,500.0,gm,157.0,157.0,0.0
MTR Instant Ragi Dosa Breakfast Mix 500g,Spencers,Branded Foods,500.0,gm,88.0,88.0,0.0
Ta-Daa Boiled Sweet Corn Kernels with Lemon & Pepper Masala 200g,Spencers,Branded Foods,200.0,gm,49.0,49.0,0.0
DNV Plain Papad 200g,Spencers,Branded Foods,200.0,gm,72.0,72.0,0.0
Del Monte Pineapple Slices 836g,Spencers,Branded Foods,836.0,gm,190.0,190.0,0.0
Mother's Recipe Sabudana Papad 75g,Spencers,Branded Foods,75.0,gm,27.0,27.0,0.0
Mother's Recipe Potato Papad 75g,Spencers,Branded Foods,75.0,gm,27.0,27.0,0.0
Shiv Shakti's Mini Sabudana Papad 200g,Spencers,Branded Foods,200.0,gm,57.0,57.0,0.0
Shiv Shakti's Plain Potato Papad 100g,Spencers,Branded Foods,100.0,gm,32.0,32.0,0.0
Pillsbury Instant Rava Idli Mix 500g,Spencers,Branded Foods,500.0,gm,88.0,88.0,0.0
Vegit Hara Bhara Kebab Mix 120g,Spencers,Branded Foods,120.0,gm,70.0,70.0,0.0
Vegit Aloo Mash 1kg,Spencers,Branded Foods,1.0,kg,140.0,140.0,0.0
Vegit Pav Bhaji Mix 100g,Spencers,Branded Foods,100.0,gm,70.0,70.0,0.0
Vegit Cheese Balls Mix 120g,Spencers,Branded Foods,120.0,gm,70.0,70.0,0.0
Vegit Aloo Mash 400g,Spencers,Branded Foods,400.0,gm,70.0,70.0,0.0
Vegit Aloo Mash 120g,Spencers,Branded Foods,120.0,gm,25.0,25.0,0.0
Whole Foods Oats Idli Mix 500g,Spencers,Branded Foods,500.0,gm,135.0,135.0,0.0
Golden Crown Cream Style Corn Soup 450g,Spencers,Branded Foods,450.0,gm,50.0,50.0,0.0
Whole Black Olive Stuffed,Spencers,Branded Foods,1.0,unit,315.0,315.0,0.0
Gits South Indian Breakfast Kit 640g,Spencers,Branded Foods,640.0,gm,115.0,115.0,0.0
Shiv Shakti's Sabudana Kurdai Papad 100g,Spencers,Branded Foods,100.0,gm,44.0,44.0,0.0
Shiv Shakti's Soyabean Vaddi 200g,Spencers,Branded Foods,200.0,gm,42.0,42.0,0.0
Shiv Shakti's Bulbul Fryums 200g,Spencers,Branded Foods,200.0,gm,30.0,30.0,0.0
Golden Crown Beans In Tomato Sauce 450g,Spencers,Branded Foods,450.0,gm,60.0,60.0,0.0
Shiv Shakti's Potato Papad Plain 200g,Spencers,Branded Foods,200.0,gm,62.0,62.0,0.0
MTR Instant Multigrain Dosa Mix 200g,Spencers,Branded Foods,200.0,gm,63.0,63.0,0.0
Keventers Veg Cheese Corn Bite 400g,Spencers,Branded Foods,400.0,gm,215.0,195.0,9.3
Shiv Shakti's Jali Fryums 200g,Spencers,Branded Foods,200.0,gm,28.0,28.0,0.0
Vijaya ABCD Cuts Papad 200g,Spencers,Branded Foods,200.0,gm,50.0,50.0,0.0
Knorr Chicken Masaledar Rolls and Wraps Mix 50g,Spencers,Branded Foods,50.0,gm,50.0,50.0,0.0
Punjab Di Rasoi Ready Marinade For Chicken Tikka 200g,Spencers,Branded Foods,200.0,gm,65.0,65.0,0.0
Del Monte Pitted Black Olives 450g,Spencers,Branded Foods,450.0,gm,190.0,190.0,0.0
Del Monte Plain Green Olives 450g,Spencers,Branded Foods,450.0,gm,190.0,190.0,0.0
DNV Punjabi Masala Papad 200g,Spencers,Branded Foods,200.0,gm,85.0,85.0,0.0
DNV Masala Papad 200g,Spencers,Branded Foods,200.0,gm,75.0,75.0,0.0
DNV Papad Sabudana 100g,Spencers,Branded Foods,100.0,gm,50.0,50.0,0.0
Whole Foods Moong Dal Flour Idli Mix 500g,Spencers,Branded Foods,500.0,gm,135.0,135.0,0.0
Keventer Lachha Paratha 400g,Spencers,Branded Foods,400.0,gm,130.0,130.0,0.0
Keventer Malabar Paratha 400g,Spencers,Branded Foods,400.0,gm,130.0,130.0,0.0
DNV Special Papad  Masala 100g,Spencers,Branded Foods,100.0,gm,30.0,30.0,0.0
DNV D'Lite Masala Papad 200g,Spencers,Branded Foods,200.0,gm,85.0,85.0,0.0
DNV Special Small Masala Papad 200g,Spencers,Branded Foods,200.0,gm,95.0,95.0,0.0
Chokhi Dhani Gatta Curry 300g,Spencers,Branded Foods,300.0,gm,95.0,95.0,0.0
DNV Sago Papad 480g,Spencers,Branded Foods,480.0,gm,170.0,170.0,0.0
Gits Khichadi Mix 250g,Spencers,Branded Foods,250.0,gm,45.0,45.0,0.0
Druk Baked Beans in Tomato Sauce 450g,Spencers,Branded Foods,450.0,gm,85.0,85.0,0.0
Golden Crown Pineapple Tidbits 840g,Spencers,Branded Foods,840.0,gm,95.0,95.0,0.0
Healthy Alternative Natural Apple Cider 500ml,Spencers,Branded Foods,500.0,ml,450.0,450.0,0.0
Wingreens Barbeque Mayo 130g,Spencers,Branded Foods,130.0,gm,119.0,119.0,0.0
Wingreens Mint Mayo 130g,Spencers,Branded Foods,130.0,gm,119.0,119.0,0.0
Wingreens Italian Herb Mayo 130g,Spencers,Branded Foods,130.0,gm,119.0,119.0,0.0
Wingreens Wasabi Mayo 130g,Spencers,Branded Foods,130.0,gm,119.0,119.0,0.0
Wingreens Sriracha Mayo 130g,Spencers,Branded Foods,130.0,gm,119.0,119.0,0.0
Wingreens garlic Mayo (Aioli) 130g,Spencers,Branded Foods,130.0,gm,119.0,119.0,0.0
Wingreens Premium Veg Mayo 130g,Spencers,Branded Foods,130.0,gm,119.0,119.0,0.0
Wingreens Green Daredevil Chili Sauce 100g,Spencers,Branded Foods,100.0,gm,99.0,99.0,0.0
Wingreens Bhut Sriracha Sauce 100g,Spencers,Branded Foods,100.0,gm,99.0,99.0,0.0
Wingreens Peri Peri Ketchup 100g,Spencers,Branded Foods,100.0,gm,99.0,99.0,0.0
Mother's Recipe Delhi Chaat Chutney 370g,Spencers,Branded Foods,370.0,gm,45.0,45.0,0.0
Veeba Eggless Mayonnaise Pouch 100g,Spencers,Branded Foods,100.0,gm,34.0,34.0,0.0
Veeba Peanut Butter Creamy 340g,Spencers,Branded Foods,340.0,gm,154.0,154.0,0.0
Wingreens Sweet Chilli Garlic Sauce 100g,Spencers,Branded Foods,100.0,gm,99.0,99.0,0.0
Wingreens Cheesy Sauce 100g,Spencers,Branded Foods,100.0,gm,99.0,99.0,0.0
Wingreens Farms Chinese Schezwan Chilli Garlic Sauce 100g,Spencers,Branded Foods,100.0,gm,99.0,99.0,0.0
Veeba Garlic Mayonnaise 280g,Spencers,Branded Foods,280.0,gm,69.0,69.0,0.0
Sundrop Peanut Butter Crunchy 924g,Spencers,Branded Foods,924.0,gm,285.0,285.0,0.0
Sundrop Peanut Butter Creamy 924g,Spencers,Branded Foods,924.0,gm,285.0,285.0,0.0
Elmac Synthetic Vinegar 700ml,Spencers,Branded Foods,700.0,ml,48.0,48.0,0.0
Smith & Jones Tomato Ketchup 1kg,Spencers,Branded Foods,1.0,kg,125.0,125.0,0.0
Kissan Fresh Tomato Ketchup 950g,Spencers,Branded Foods,950.0,gm,130.0,130.0,0.0
Nutty Gift Pack 6 U (units),Spencers,Branded Foods,6.0,unit,825.0,825.0,0.0
Fun Foods Peanut Butter Crunchy 340g,Spencers,Branded Foods,340.0,gm,159.0,159.0,0.0
Sundrop Peanut Butter Honey Roasted Creamy 200g,Spencers,Branded Foods,200.0,gm,100.0,100.0,0.0
Pillsbury Choco Spread 350g,Spencers,Branded Foods,350.0,gm,210.0,210.0,0.0
Pillsbury Choco Spread 180g,Spencers,Branded Foods,180.0,gm,135.0,135.0,0.0
Tai Green Chilli Sauce 700g,Spencers,Branded Foods,700.0,gm,60.0,60.0,0.0
Sundrop Peanut Butter Creamy Pouch 30g,Spencers,Branded Foods,30.0,gm,30.0,30.0,0.0
Cremica Sandwich Spread 450g,Spencers,Branded Foods,450.0,gm,138.0,138.0,0.0
DNV Non Fruit Vinegar 350ml,Spencers,Branded Foods,350.0,ml,37.0,37.0,0.0
Funfoods Pasta Lite Salad Dressing 260g,Spencers,Branded Foods,260.0,gm,69.0,69.0,0.0
Ching's Secret Chilli Vinegar 170ml,Spencers,Branded Foods,170.0,ml,45.0,45.0,0.0
Dr.Oetker FunFoods Mayonnaise Veg 875g,Spencers,Branded Foods,875.0,gm,159.0,159.0,0.0
Nutty Schezwan Chutney 250g,Spencers,Branded Foods,250.0,gm,60.0,50.0,16.67
Veeba Thousand Island Dressing 300g,Spencers,Branded Foods,300.0,gm,129.0,129.0,0.0
Veeba Chipotle Southwest Dressing 300g,Spencers,Branded Foods,300.0,gm,149.0,149.0,0.0
Veeba Sweet Chilli Sauce 350g,Spencers,Branded Foods,350.0,gm,109.0,109.0,0.0
Veeba Barbeque Sauce 330g,Spencers,Branded Foods,330.0,gm,129.0,129.0,0.0
Fun Foods Eggless Garlic Mayonnaise 275g,Spencers,Branded Foods,275.0,gm,69.0,69.0,0.0
Kissan No Onion No Garlic Ketchup 450g,Spencers,Branded Foods,450.0,gm,101.0,101.0,0.0
New Nutty Peanut Butter Creamy 340g,Spencers,Branded Foods,340.0,gm,170.0,145.0,14.71
Maggi Hot & Sweet Tomato Chilli Sauce 90g,Spencers,Branded Foods,90.0,gm,20.0,20.0,0.0
Fun Foods Eggless Mayonnaise 100g,Spencers,Branded Foods,100.0,gm,35.0,35.0,0.0
Fun Foods Eggless Mayonnaise 275g,Spencers,Branded Foods,275.0,gm,69.0,69.0,0.0
Fun Foods Eggless Burger Mayonnaise 275g,Spencers,Branded Foods,275.0,gm,69.0,69.0,0.0
Sundrop Crunchy Peanut Butter 462g,Spencers,Branded Foods,462.0,gm,215.0,215.0,0.0
Sundrop Honey Roast Crunchy Peanut Butter Jar 200g,Spencers,Branded Foods,200.0,gm,100.0,100.0,0.0
Ching's Secret Green Chilli Sauce 90g,Spencers,Branded Foods,90.0,gm,20.0,20.0,0.0
Del Monte Eggless Mayonnaise 900g,Spencers,Branded Foods,900.0,gm,180.0,180.0,0.0
Kissan Twist Sweet & Spicy Sauce 200g,Spencers,Branded Foods,200.0,gm,65.0,65.0,0.0
Del Monte Tomato Ketchup 1Kg,Spencers,Branded Foods,1.0,kg,130.0,130.0,0.0
Kissan Twist Sweet & Spicy Sauce 500g,Spencers,Branded Foods,500.0,gm,105.0,105.0,0.0
Spencer's Smart Choice Non-Fruit Vinegar 170ml,Spencers,Branded Foods,170.0,ml,45.0,45.0,0.0
Kissan Squeezo Fresh Tomato Ketchup 450g,Spencers,Branded Foods,450.0,gm,105.0,105.0,0.0
Sundrop Peanut Butter Crunchy 462g,Spencers,Branded Foods,462.0,gm,215.0,199.0,7.44
Sundrop Peanut Butter Creamy 462g,Spencers,Branded Foods,462.0,gm,215.0,199.0,7.44
Spencer's Smart Choice Hot & Sweet Sauce 350g,Spencers,Branded Foods,350.0,gm,65.0,65.0,0.0
Spencer's Smart Choice Kasundi 200g,Spencers,Branded Foods,200.0,gm,38.0,38.0,0.0
Healthy Alternative Floral Honey 300g,Spencers,Branded Foods,300.0,gm,335.0,335.0,0.0
Healthy Alternative Tulsi Honey 300g,Spencers,Branded Foods,300.0,gm,335.0,335.0,0.0
Apis Mixed Fruit Jam Bogo 450g,Spencers,Branded Foods,450.0,gm,140.0,140.0,0.0
Kitchens Of India Tomato and Chilli Chutney 300g,Spencers,Branded Foods,300.0,gm,140.0,140.0,0.0
Organic India Organic Wild Forest Honey 250g,Spencers,Branded Foods,250.0,gm,195.0,195.0,0.0
Kitchens of India Fruit & Spices Conserve Mango & Saffron 320g,Spencers,Branded Foods,320.0,gm,140.0,140.0,0.0
Twin Birds Fish Thokku 300g,Spencers,Branded Foods,300.0,gm,125.0,125.0,0.0
Mother's Ginger Pickle 300g,Spencers,Branded Foods,300.0,gm,82.0,82.0,0.0
Aachi Mixed Veg Pickle 1kg,Spencers,Branded Foods,1.0,kg,199.0,199.0,0.0
Kissan Mango Jam 188g,Spencers,Branded Foods,188.0,gm,75.0,75.0,0.0
Mothers Stuffed Red Chilli Pickle 950g,Spencers,Branded Foods,950.0,gm,38.0,38.0,0.0
Lune De Miel Organic Acacia Honey 250g,Spencers,Branded Foods,250.0,gm,1055.0,1055.0,0.0
Kitchens of India Shredded Mango Chutney 325g,Spencers,Branded Foods,325.0,gm,140.0,140.0,0.0
Dabur Honey Fruit Spread Pulpy Plum Flavour 370g,Spencers,Branded Foods,370.0,gm,270.0,270.0,0.0
Kitchens of India Apple & Cinnamon Fruit & Spice Conserve 330g,Spencers,Branded Foods,330.0,gm,90.0,90.0,0.0
Sakura Fresh Jamun Blossom Honey 200ml,Spencers,Branded Foods,200.0,ml,503.0,503.0,0.0
Sakura Fresh Lychee Blossom Honey 200ml,Spencers,Branded Foods,200.0,ml,482.0,482.0,0.0
Hintz Pure Bee Honey 500g,Spencers,Branded Foods,500.0,gm,775.0,775.0,0.0
Mother's Recipe Stuffed Green Chilly Pickle Packet 200g,Spencers,Branded Foods,200.0,gm,46.0,46.0,0.0
Druk Guava Jelly 500g,Spencers,Branded Foods,500.0,gm,117.0,117.0,0.0
DNV Mixed Pickle 200g,Spencers,Branded Foods,200.0,gm,50.0,50.0,0.0
Sugar Free Orange Marmalade 300g,Spencers,Branded Foods,300.0,gm,210.0,210.0,0.0
VLCC Slimmers Honey Dietary Supplement 225g,Spencers,Branded Foods,225.0,gm,110.0,110.0,0.0
DNV Mixed Pickle 400g,Spencers,Branded Foods,400.0,gm,99.0,99.0,0.0
DNV Mango Pickle 200g,Spencers,Branded Foods,200.0,gm,50.0,50.0,0.0
DNV Green Chilly Pickle 200g,Spencers,Branded Foods,200.0,gm,50.0,50.0,0.0
DNV Mango Pickle 400g,Spencers,Branded Foods,400.0,gm,99.0,99.0,0.0
Pure & Sure Organic Honey 250g,Spencers,Branded Foods,250.0,gm,149.0,149.0,0.0
Mum's Mango Jam 500g + Mix Fruit Jam 500g,Spencers,Branded Foods,500.0,gm,160.0,160.0,0.0
Daadi's Methi Chutney Powder 100g,Spencers,Branded Foods,100.0,gm,45.0,45.0,0.0
Mother's Recipe Rajasthani Sweet Lime Pickle 350g,Spencers,Branded Foods,350.0,gm,89.0,89.0,0.0
Mother's Recipe Stuffed Red Chilli Pickle 200g,Spencers,Branded Foods,200.0,gm,52.0,52.0,0.0
Aachi Garlic Pickle 300g,Spencers,Branded Foods,300.0,gm,75.0,75.0,0.0
Aachi Mixed Veg Pickle 300g,Spencers,Branded Foods,300.0,gm,65.0,65.0,0.0
Tops Mango Pickle 400g,Spencers,Branded Foods,400.0,gm,130.0,130.0,0.0
Nature's Treat Sweet and Sour Black Lime in Sugarcane Juice Pickle 125g,Spencers,Branded Foods,125.0,gm,85.0,85.0,0.0
Nature's Treat Amba Kachi Haldi Pickle 110g,Spencers,Branded Foods,110.0,gm,85.0,85.0,0.0
Nature's Treat Bharwa Lal Mirch Pickle 110g,Spencers,Branded Foods,110.0,gm,100.0,100.0,0.0
Nature's Treat Peppermint Garlic Pickle 135g,Spencers,Branded Foods,135.0,gm,100.0,100.0,0.0
Nature's Treat Tomato Garlic Multipurpose Chutney 110g,Spencers,Branded Foods,110.0,gm,100.0,100.0,0.0
Mothers' Recipe Mixed Pickle Packet 500g,Spencers,Branded Foods,500.0,gm,145.0,145.0,0.0
Tops Tangy Lime Pickle 1kg,Spencers,Branded Foods,1.0,kg,195.0,195.0,0.0
Tops Sweet Lime Pickle 400g,Spencers,Branded Foods,400.0,gm,130.0,130.0,0.0
Tops Mixed Pickle 1Kg,Spencers,Branded Foods,1.0,kg,210.0,210.0,0.0
Nilon's Garlic Pickle 200g,Spencers,Branded Foods,200.0,gm,45.0,45.0,0.0
Mother's Recipe Gujarati Choondo Pickle 500g,Spencers,Branded Foods,500.0,gm,125.0,125.0,0.0
Mother's Recipe Punjabi Mango Pickle 400g,Spencers,Branded Foods,400.0,gm,50.0,50.0,0.0
Mother's Recipe Green Chilli Pickle 400g,Spencers,Branded Foods,400.0,gm,105.0,105.0,0.0
Mother's Recipe Garlic Pickle 400g,Spencers,Branded Foods,400.0,gm,110.0,110.0,0.0
Aachi Cut Mango Pickle 1kg,Spencers,Branded Foods,1.0,kg,150.0,150.0,0.0
Twin Birds Prawn Curry 280g,Spencers,Branded Foods,280.0,gm,125.0,125.0,0.0
Aachi Garlic Pickle 1kg,Spencers,Branded Foods,1.0,kg,160.0,160.0,0.0
Aachi Mango Avakkai Pickle 1kg,Spencers,Branded Foods,1.0,kg,199.0,199.0,0.0
Twin Birds Prawn Pickles 300g,Spencers,Branded Foods,300.0,gm,125.0,125.0,0.0
Mother's Recipe Lime Pickle 400g,Spencers,Branded Foods,400.0,gm,105.0,105.0,0.0
Aachi Mango Thokku Pickle 1kg,Spencers,Branded Foods,1.0,kg,199.0,199.0,0.0
Twin Birds Chicken Pickles 300g,Spencers,Branded Foods,300.0,gm,125.0,125.0,0.0
Mother's Recipe Mixed Pickle Packet 200g,Spencers,Branded Foods,200.0,gm,47.0,47.0,0.0
Mother's Recipe Andhra Avakaya Pickle 300g,Spencers,Branded Foods,300.0,gm,82.0,82.0,0.0
MTR Gulab Jamun Mix 190G,Spencers,Branded Foods,190.0,gm,65.0,65.0,0.0
Shellys Payesh 250g,Spencers,Branded Foods,250.0,gm,120.0,120.0,0.0
Betty Crocker No Bake Cheesecake Mix 360g,Spencers,Branded Foods,360.0,gm,285.0,285.0,0.0
Hershey's Chocolate Syrup 623g,Spencers,Branded Foods,623.0,gm,200.0,200.0,0.0
Hershey's Chocolate Syrup 200g,Spencers,Branded Foods,200.0,gm,90.0,90.0,0.0
Pillsbury Fridge Cheesecake Strawberry Mix 165g,Spencers,Branded Foods,165.0,gm,150.0,150.0,0.0
Pillsbury Fridge Cheesecake Mix Chocolate Flavoured 165g,Spencers,Branded Foods,165.0,gm,150.0,150.0,0.0
Gits Rasmalai Mix 150g,Spencers,Branded Foods,150.0,gm,85.0,85.0,0.0
Hill Cart Blood Orange 14S 100g,Spencers,Beverages,100.0,gm,425.0,425.0,0.0
Hill Cart Celestial Chamomile 14S 100g,Spencers,Beverages,100.0,gm,280.0,280.0,0.0
Hill Cart Darjeeling Excelsior Caddy 15 15g,Spencers,Beverages,15.0,gm,1000.0,1000.0,0.0
Saffola Fittify Green Tea Kahwa 37.5g,Spencers,Beverages,37.5,gm,220.0,220.0,0.0
Saffola Fittify Green Tea Mint 37.5g,Spencers,Beverages,37.5,gm,220.0,220.0,0.0
Wagh Bakri Instant Tea Premix Ginger 10 Tea Bags,Spencers,Beverages,10.0,unit,140.0,140.0,0.0
Wagh Bakri Instant Tea Premix Elaichi 10 Tea Bags,Spencers,Beverages,10.0,unit,140.0,140.0,0.0
Wagh Bakri Instant Tea Premix Masala 10 Tea Bags,Spencers,Beverages,10.0,unit,140.0,140.0,0.0
Zago Body Buddy Caramel Coffee 330ml,Spencers,Beverages,330.0,ml,120.0,120.0,0.0
Colombain Brew Vanilla Instant Coffee 50g,Spencers,Beverages,50.0,gm,190.0,190.0,0.0
Twinings Green Tea Lemon & Honey 100Bags,Spencers,Beverages,100.0,unit,910.0,910.0,0.0
Makaibari Apoorva Supreme 100g,Spencers,Beverages,100.0,gm,180.0,180.0,0.0
Twinings Green Tea Cranberry 25 Tea Bags,Spencers,Beverages,25.0,unit,300.0,300.0,0.0
Twinings Green Tea Strawberry 25 Tea Bags,Spencers,Beverages,25.0,unit,300.0,300.0,0.0
Twinings Green Tea Pomegranate 25 Tea Bags,Spencers,Beverages,25.0,unit,300.0,300.0,0.0
Twinings Green Tea Green Apple 25 Tea Bags,Spencers,Beverages,25.0,unit,300.0,300.0,0.0
Nescafe Ready To Drink Intense Can 180ml,Spencers,Beverages,180.0,ml,50.0,13.0,74.0
Typhoo Organic Root Remedy 20 Tea Bags,Spencers,Beverages,20.0,unit,210.0,210.0,0.0
Typhoo Organic Slim Tea 20 Tea Bags,Spencers,Beverages,20.0,unit,210.0,210.0,0.0
Lopchu Golden Orange Pekoe 250g,Spencers,Beverages,250.0,gm,455.0,455.0,0.0
Cambridge Tea Party Lime Peel & Lemongrass Green Tea 40g,Spencers,Beverages,40.0,gm,75.0,75.0,0.0
Hillcart Tales Honey Limon 14 Tea Bags,Spencers,Beverages,14.0,unit,250.0,250.0,0.0
Kashmiri Kahwa 15 Teabags,Spencers,Beverages,15.0,unit,245.0,245.0,0.0
Signature Darjeeling 15 Teabags,Spencers,Beverages,15.0,unit,245.0,245.0,0.0
Castleton Vintage Darjeeling Tea 25 Tea Bags,Spencers,Beverages,25.0,unit,200.0,200.0,0.0
By Nature Green Coffee Beans 200g,Spencers,Beverages,200.0,gm,349.0,349.0,0.0
Typhoo Green Tea Tulsi 100 Tea bags,Spencers,Beverages,100.0,unit,700.0,700.0,0.0
Lopchu Flowery Orange Pekoe 250g,Spencers,Beverages,250.0,gm,320.0,320.0,0.0
Lopchu Orange Pekoe Fanning 500g,Spencers,Beverages,500.0,gm,185.0,185.0,0.0
Marvel Tea Yellow Tea 1Kg,Spencers,Beverages,1.0,kg,440.0,440.0,0.0
Piyala CTC Dust 250g,Spencers,Beverages,250.0,gm,70.0,70.0,0.0
Goodricke Roasted Darjeeling Tea 250g,Spencers,Beverages,250.0,gm,240.0,240.0,0.0
Wagh Bakri Navchetan Danedaar Tea 250g,Spencers,Beverages,250.0,gm,60.0,60.0,0.0
Wagh Bakri Tulsi Green Tea Bags 10 U (units),Spencers,Beverages,10.0,unit,140.0,140.0,0.0
Wagh Bakri Green Tea 100g,Spencers,Beverages,100.0,gm,90.0,90.0,0.0
Typhoo Lemon and Lime zest 95g,Spencers,Beverages,95.0,gm,280.0,280.0,0.0
Wagh Bakri Spiced Tea 200g,Spencers,Beverages,200.0,gm,130.0,130.0,0.0
Nestle Everyday Milk Powder 190g,Spencers,Beverages,190.0,gm,104.0,104.0,0.0
Nestle Everyday 400g,Spencers,Beverages,400.0,gm,200.0,200.0,0.0
Makaibari Supreme Green Tea 100g,Spencers,Beverages,100.0,gm,180.0,180.0,0.0
Lopchu Darjeeling Broken Mixed 250g,Spencers,Beverages,250.0,gm,205.0,205.0,0.0
Wagh Bakri Instant Tea Premix 12NX14g,Spencers,Beverages,12.0,unit,150.0,150.0,0.0
Bru Instant Coffee 8.5g,Spencers,Beverages,8.5,gm,10.0,10.0,0.0
Lopchu Golden Orange Pekoe 100g,Spencers,Beverages,100.0,gm,195.0,195.0,0.0
Makaibari Silver Green Organic Tea 100g,Spencers,Beverages,100.0,gm,740.0,740.0,0.0
Lopchu Darjeeling Broken Mixed 500g,Spencers,Beverages,500.0,gm,365.0,365.0,0.0
Lopchu Flowery Orange Pekoe 100g,Spencers,Beverages,100.0,gm,130.0,130.0,0.0
Tea City Super Cup Premium 1kg,Spencers,Beverages,1.0,kg,350.0,350.0,0.0
Fresh Brew Co. Javas 10 Capsules 50g,Spencers,Beverages,50.0,gm,350.0,350.0,0.0
Twinings Jasmine Green 25 Tea Bags,Spencers,Beverages,25.0,unit,285.0,285.0,0.0
Mother Dairy Dailycious Dairy Whitener 500g,Spencers,Beverages,500.0,gm,190.0,190.0,0.0
Fuze Tea Black Tea with Peach Flavour 250ml,Spencers,Beverages,250.0,ml,30.0,30.0,0.0
Te-A-Me Signature Black Lemon 25 Tea Bags,Spencers,Beverages,25.0,unit,100.0,100.0,0.0
Lopchu Flowery Orange Pekoe 500g,Spencers,Beverages,500.0,gm,590.0,590.0,0.0
Nestle Everyday Masala Fusion Tea 18g,Spencers,Beverages,18.0,gm,15.0,15.0,0.0
Mother Dairy Delicious Dairy Whitener 1kg,Spencers,Beverages,1.0,kg,365.0,365.0,0.0
Typhoo Tea Masala Flavour 200g,Spencers,Beverages,200.0,gm,210.0,210.0,0.0
Coolberg Non Alcoholic Beverage Cranberry 300ml,Spencers,Beverages,300.0,ml,69.0,69.0,0.0
Coolberg Non Alcoholic Beverage Peach 300ml,Spencers,Beverages,300.0,ml,69.0,69.0,0.0
B Natural Ratnagiri Alphonso 750ml,Spencers,Beverages,750.0,ml,120.0,120.0,0.0
B Natural Himalayan Mixed Fruit 750ml,Spencers,Beverages,750.0,ml,110.0,110.0,0.0
Heinz Glucon-D Mango Punch 200g,Spencers,Beverages,200.0,gm,64.0,64.0,0.0
Monin Hazelnut 700ml,Spencers,Beverages,700.0,ml,895.0,895.0,0.0
Monin Passion Fruit 700ml,Spencers,Beverages,700.0,ml,895.0,895.0,0.0
Slice Pet bottle 1.75L,Spencers,Beverages,1.75,ltr,90.0,90.0,0.0
Raw Pressery Apple 1L,Spencers,Beverages,1.0,ltr,325.0,325.0,0.0
Real Alphonso Mango 1L,Spencers,Beverages,1.0,ltr,109.0,109.0,0.0
Real Masala Guava 1L,Spencers,Beverages,1.0,ltr,99.0,99.0,0.0
Wild Vitamin Drink Lemonade Zero Sugar 300ml,Spencers,Beverages,300.0,ml,55.0,55.0,0.0
Wild Vitamin Drink Lemonade 300ml,Spencers,Beverages,300.0,ml,55.0,55.0,0.0
Wild Vitamin Drink Orange Mango 300ml,Spencers,Beverages,300.0,ml,55.0,55.0,0.0
Heinz Glucon-D Mango Punch 1kg,Spencers,Beverages,1.0,kg,310.0,285.0,8.06
Rosscare Amla Honey Juice 1L,Spencers,Beverages,1.0,ltr,200.0,200.0,0.0
Rosscare Aloe Vera Juice Fibre 1L,Spencers,Beverages,1.0,ltr,200.0,200.0,0.0
RosscareKarela JamunJuice 1L,Spencers,Beverages,1.0,ltr,275.0,275.0,0.0
Alo Frut Litchi Aloevera Juice 300ml,Spencers,Beverages,300.0,ml,40.0,40.0,0.0
Alo Frut Kiwi Aloevera Juice 300ml,Spencers,Beverages,300.0,ml,40.0,40.0,0.0
Nestle Milo Ready to Drink 180ml,Spencers,Beverages,180.0,ml,35.0,9.0,74.29
Rasna Native Hat - Aampanna - 500g,Spencers,Beverages,500.0,gm,170.0,170.0,0.0
Rasna Native Hat - Shikanji - 500g,Spencers,Beverages,500.0,gm,170.0,170.0,0.0
Tang Lemon Pillow Pack 100g,Spencers,Beverages,100.0,gm,30.0,30.0,0.0
Vinut Lychee Juice 250ml,Spencers,Beverages,250.0,ml,40.0,40.0,0.0
Druk Lime Juice Cordial 700ml,Spencers,Beverages,700.0,ml,115.0,115.0,0.0
Paper Boat Lychee Ras 200ml,Spencers,Beverages,200.0,ml,30.0,30.0,0.0
Axiom Alo frut Mixed Fruit Aloevera Juice 300ml,Spencers,Beverages,300.0,ml,40.0,40.0,0.0
Axiom Alo frut Mixed Fruit Aloevera Juice 1L,Spencers,Beverages,1.0,ltr,110.0,110.0,0.0
Axiom Alo frut Kiwi Aloevera Juice 1L,Spencers,Beverages,1.0,ltr,110.0,110.0,0.0
Axiom Alo frut Guava Aloevera Juice 1L,Spencers,Beverages,1.0,ltr,110.0,110.0,0.0
Axiom Alo frut Berries Aloevera Juice 300ml,Spencers,Beverages,300.0,ml,40.0,40.0,0.0
Axiom Alo frut Berries Aloevera Juice 1L,Spencers,Beverages,1.0,ltr,110.0,110.0,0.0
Axiom Alo frut Anaar AloeVera Juice 1L,Spencers,Beverages,1.0,ltr,120.0,120.0,0.0
PAPER BOAT Santra 200ml,Spencers,Beverages,200.0,ml,30.0,30.0,0.0
Paperboat Apple 1L,Spencers,Beverages,1.0,ltr,110.0,110.0,0.0
Sting Energy Drink Can 250 ml,Spencers,Beverages,250.0,ml,50.0,50.0,0.0
Parle Appy Fizz 500ml,Spencers,Beverages,500.0,ml,30.0,30.0,0.0
Glucon-D Original Instant Energy 200g,Spencers,Beverages,200.0,gm,61.0,61.0,0.0
Red Bull Sleek Can 350ml,Spencers,Beverages,350.0,ml,145.0,145.0,0.0
Dabur Glucose-D Cooling Energy 200g,Spencers,Beverages,200.0,gm,58.0,58.0,0.0
Frooti Mango Drink 1.5l- 2l,Spencers,Beverages,2.0,ltr,80.0,80.0,0.0
Dabur GlucoPlus-C Lemon flavour 450g,Spencers,Beverages,450.0,gm,160.0,160.0,0.0
Lotte Hot 6 Energy Drink 250ml,Spencers,Beverages,250.0,ml,75.0,75.0,0.0
B Natural Apple Awe 1L,Spencers,Beverages,1.0,ltr,105.0,105.0,0.0
Tropicana Mixed Fruit Delight 1l,Spencers,Beverages,1.0,ltr,100.0,100.0,0.0
Real Litchi 200ml,Spencers,Beverages,200.0,ml,20.0,20.0,0.0
Real Fruit Power Apple 200ml,Spencers,Beverages,200.0,ml,20.0,20.0,0.0
Ganesh Rose Petal Sharbat 700ml,Spencers,Beverages,700.0,ml,170.0,170.0,0.0
Druk Pineapple Fruit Squash 700ml,Spencers,Beverages,700.0,ml,120.0,120.0,0.0
B Natural Pineapple Poise 200ml,Spencers,Beverages,200.0,ml,22.0,22.0,0.0
Mala's Rose Syrup 750ml,Spencers,Beverages,750.0,ml,125.0,125.0,0.0
Fuze Lemon Flavoured Black Tea 250ml,Spencers,Beverages,250.0,ml,30.0,30.0,0.0
Ganesh Lemon Fruit Squash 700ml,Spencers,Beverages,700.0,ml,105.0,105.0,0.0
Nestea Watermelon Coconut Iced Tea 100g,Spencers,Beverages,100.0,gm,60.0,60.0,0.0
Spencer's Thandai 200ml,Spencers,Beverages,200.0,ml,60.0,60.0,0.0
Glucon-D Aam Panna Flavour 450g,Spencers,Beverages,450.0,gm,135.0,135.0,0.0
Ganesh Mango Panna 700ml,Spencers,Beverages,700.0,ml,155.0,155.0,0.0
Campa Mango Fruit Drink 600ml,Spencers,Beverages,600.0,ml,35.0,35.0,0.0
KF Radler Mint Lime Non Alcoholic Malt Drink 300 ml Frosted Glass Bottle 4 Pack,Spencers,Beverages,4.0,unit,210.0,210.0,0.0
KF Radler Ginger Lime Non Alcoholic Malt Drink 300 ml Frosted Glass Bottle 4 Pack,Spencers,Beverages,4.0,unit,210.0,210.0,0.0
KF Radler Lemon Non Alcoholic Malt Drink 300 ml Frosted Glass Bottle - 4 Pack,Spencers,Beverages,4.0,unit,210.0,210.0,0.0
KF Radler Mint Lime Non Alcoholic Malt Drink 300 ml Frosted Glass Bottle,Spencers,Beverages,300.0,ml,70.0,70.0,0.0
KF Radler Ginger Lime Non Alcoholic Malt Drink 300 ml Frosted Glass Bottle,Spencers,Beverages,300.0,ml,70.0,70.0,0.0
KF Radler Lemon Non Alcoholic Malt Drink 300 ml Frosted Glass Bottle,Spencers,Beverages,300.0,ml,70.0,70.0,0.0
KF Radler Mint Lime Non Alcoholic Malt Drink 300 ml Can,Spencers,Beverages,300.0,ml,45.0,45.0,0.0
Coolberg Non Alcoholic Beverage Mint 300ml,Spencers,Beverages,300.0,ml,69.0,69.0,0.0
Coolberg Non Alcoholic Beverage Ginger Beer 300ml,Spencers,Beverages,300.0,ml,69.0,69.0,0.0
Kf Radler Ginger Lime Non Alcoholic Drink Can 300ml,Spencers,Beverages,300.0,ml,45.0,45.0,0.0
Heineken 0.0 Non Alcohol Beer Zoz 200g,Spencers,Beverages,200.0,gm,75.0,75.0,0.0
Kf Radler Lemon Non Alcoholic Drink Can 300ml,Spencers,Beverages,300.0,ml,45.0,45.0,0.0
7UP Pet Bottle 750ml,Spencers,Beverages,750.0,ml,38.0,38.0,0.0
Himalayan Natural Mineral Water 750ml,Spencers,Beverages,750.0,ml,45.0,45.0,0.0
Glaceau Smartwater Pet Bottle 750ml,Spencers,Beverages,750.0,ml,50.0,50.0,0.0
Aquafina Drinking Water 2L,Spencers,Beverages,2.0,ltr,35.0,35.0,0.0
Kinley Soda 750ml,Spencers,Beverages,750.0,ml,20.0,20.0,0.0
O'cean Fruit Water Watermelon 500ml,Spencers,Beverages,500.0,ml,45.0,45.0,0.0
Bisleri Soda 600ml,Spencers,Beverages,600.0,ml,15.0,15.0,0.0
Himalayan Natural Mineral Water 200ml,Spencers,Beverages,200.0,ml,17.0,17.0,0.0
Bisleri Vedica 1L,Spencers,Beverages,1.0,ltr,100.0,100.0,0.0
Bisleri Packaged Drinking Water 1L,Spencers,Beverages,1.0,ltr,20.0,20.0,0.0
Bisleri Packaged Drinking Water 500ml,Spencers,Beverages,500.0,ml,10.0,10.0,0.0
Bisleri Packaged Drinking Water 2L,Spencers,Beverages,2.0,ltr,33.0,33.0,0.0
Pepsi 1.25L,Spencers,Beverages,1.25,ltr,60.0,60.0,0.0
Schweppes Indian Tonic Water 300ml,Spencers,Beverages,300.0,ml,50.0,50.0,0.0
Diet Pepsi 600ml Bottle,Spencers,Beverages,600.0,ml,35.0,35.0,0.0
Himalayan Natural Mineral Water 500ml,Spencers,Beverages,500.0,ml,35.0,35.0,0.0
Himalayan Natural Mineral Water 1L,Spencers,Beverages,1.0,ltr,65.0,65.0,0.0
Fanta Mobile Pack 600ml Bottle,Spencers,Beverages,600.0,ml,35.0,35.0,0.0
Schweppes Original Ginger Ale 300ml,Spencers,Beverages,300.0,ml,50.0,50.0,0.0
Pepsi 250ml Can,Spencers,Beverages,250.0,ml,25.0,25.0,0.0
Mountain Dew 250ml Can,Spencers,Beverages,250.0,ml,25.0,25.0,0.0
7UP 250ml Can,Spencers,Beverages,250.0,ml,25.0,25.0,0.0
Mirinda 250ml Can,Spencers,Beverages,250.0,ml,25.0,25.0,0.0
Diet Pepsi 250ml Can,Spencers,Beverages,250.0,ml,25.0,25.0,0.0
Fanta 300ml Can,Spencers,Beverages,300.0,ml,35.0,35.0,0.0
Sprite Can 300ml,Spencers,Beverages,300.0,ml,35.0,35.0,0.0
Thums Up Can 300ml,Spencers,Beverages,300.0,ml,35.0,35.0,0.0
Coca-Cola 300ml Can,Spencers,Beverages,300.0,ml,35.0,35.0,0.0
Fanta Fridge Pack 1.25L Bottle,Spencers,Beverages,1.25,ltr,65.0,65.0,0.0
Qua Natural Mineral Water 500ml,Spencers,Beverages,500.0,ml,65.0,58.5,10.0
Kinley Mineral Water 500ml,Spencers,Beverages,500.0,ml,10.0,10.0,0.0
Kinley Mineral Water 1L,Spencers,Beverages,1.0,ltr,20.0,20.0,0.0
Aquafina Mineral Drinking Water 1L,Spencers,Beverages,1.0,ltr,20.0,20.0,0.0
Pepsi 2L Bottle,Spencers,Beverages,2.0,ltr,85.0,85.0,0.0
Mirinda Party Pack 2L bottle,Spencers,Beverages,2.0,ltr,85.0,85.0,0.0
Aquafina Mineral Drinking Water 500ml,Spencers,Beverages,500.0,ml,10.0,10.0,0.0
Kinley Mineral Water 2L,Spencers,Beverages,2.0,ltr,35.0,35.0,0.0
Coca Cola 750ml,Spencers,Beverages,750.0,ml,40.0,40.0,0.0
Thums Up 750ml,Spencers,Beverages,750.0,ml,40.0,40.0,0.0
Bournvita Five Star Magic Chocolate Flavour 750g,Spencers,Beverages,750.0,gm,325.0,325.0,0.0
Cadbury Bournvita Badam Booster Jar 400g,Spencers,Beverages,400.0,gm,250.0,250.0,0.0
Cadbury Bournvita 75g Packet,Spencers,Beverages,75.0,gm,30.0,30.0,0.0
Cadbury Bournvita Lil Champs 500g,Spencers,Beverages,500.0,gm,283.0,283.0,0.0
Cadbury Bournvita 5Star Magic Pack 500g,Spencers,Beverages,500.0,gm,218.0,218.0,0.0
Cadbury Bournvita 1kg Jar,Spencers,Beverages,1.0,kg,400.0,400.0,0.0
Cadbury Bournvita 5Star Magic Jar 500g,Spencers,Beverages,500.0,gm,231.0,231.0,0.0
Cadbury Bournvita 200g Jar,Spencers,Beverages,200.0,gm,107.0,107.0,0.0
Horlicks Protein No Sugar Vanilla 400g,Spencers,Beverages,400.0,gm,535.0,535.0,0.0
Protinex Original 750g,Spencers,Beverages,750.0,gm,990.0,990.0,0.0
VNourish Strawberry 200g,Spencers,Beverages,200.0,gm,315.0,315.0,0.0
VNourish Kesar Pista 200g,Spencers,Beverages,200.0,gm,315.0,315.0,0.0
Mothers Horlicks Kesar Refill 500g,Spencers,Beverages,500.0,gm,525.0,525.0,0.0
Venky's Whey Protein 200g,Spencers,Beverages,200.0,gm,105.0,105.0,0.0
Venky's Whey Protein 500g,Spencers,Beverages,500.0,gm,215.0,215.0,0.0
Activkids Immuno Boosters 7+Yrs Choco 30 Chocobites,Spencers,Beverages,30.0,unit,399.0,399.0,0.0
Pediasure Cookies & Cream 400g,Spencers,Beverages,400.0,gm,520.0,520.0,0.0
Horlicks Protein+ Vanilla 200g Refill,Spencers,Beverages,200.0,gm,299.0,299.0,0.0
Horlicks Growth Plus Vanilla 200g,Spencers,Beverages,200.0,gm,299.0,299.0,0.0
Horlicks Protein+ Chocolate Bib Refill 400g,Spencers,Beverages,400.0,gm,535.0,535.0,0.0
Horlicks Protein+ Vanilla Bib Refill 400g,Spencers,Beverages,400.0,gm,535.0,535.0,0.0
Horlicks Protein+ Chocolate Bib Refill 200g,Spencers,Beverages,200.0,gm,295.0,295.0,0.0
Horlicks Growth Plus Chocolate Bib 200g,Spencers,Beverages,200.0,gm,299.0,299.0,0.0
Horlicks Growth Plus Health Drink Vanilla Flavor 400 g,Spencers,Beverages,400.0,gm,535.0,535.0,0.0
Boost 3X More Stamina 500g,Spencers,Beverages,500.0,gm,204.0,204.0,0.0
Complan Classic Chocolate Flavour 500g,Spencers,Beverages,500.0,gm,280.0,265.0,5.36
Complan Kesar Badam Flavour 500g,Spencers,Beverages,500.0,gm,315.0,300.0,4.76
Mother's Horlicks Vanilla 200g,Spencers,Beverages,200.0,gm,199.0,199.0,0.0
Horlicks Classic Malt 2kg Jar,Spencers,Beverages,2.0,kg,780.0,780.0,0.0
Horlicks Growth Plus Chocolate Flavour 400g,Spencers,Beverages,400.0,gm,535.0,535.0,0.0
Protinex Elachi Flavour 250g,Spencers,Beverages,250.0,gm,330.0,330.0,0.0
Junior Horlicks Stage 2 Original Flavour 500g,Spencers,Beverages,500.0,gm,288.0,288.0,0.0
Protinex Grow Malt Flavour 400g,Spencers,Beverages,400.0,gm,320.0,320.0,0.0
Protinex Vanilla Flavour 250g,Spencers,Beverages,250.0,gm,340.0,340.0,0.0
Protinex Original 400g,Spencers,Beverages,400.0,gm,585.0,585.0,0.0
Complan Pista Badam Flavour 400g,Spencers,Beverages,400.0,gm,315.0,315.0,0.0
Hershey's Chocolate Milk Booster 475g,Spencers,Beverages,475.0,gm,200.0,200.0,0.0
Horlicks Chocolate Delight 750g,Spencers,Beverages,750.0,gm,292.0,292.0,0.0
Horlicks Royal Kesar Badam 400g,Spencers,Beverages,400.0,gm,263.0,263.0,0.0
PediaSure Premium Chocolate Refill Pack 200g,Spencers,Beverages,200.0,gm,295.0,295.0,0.0
Pediasure Vanilla Delight Refill Pack 200g,Spencers,Beverages,200.0,gm,295.0,295.0,0.0
PediaSure Premium Chocolate Refill Pack 400g,Spencers,Beverages,400.0,gm,545.0,545.0,0.0
Pediasure Vanilla Delight Refill Pack 400g,Spencers,Beverages,400.0,gm,520.0,520.0,0.0
Women's Horlicks Caramel Flavour Box 400g,Spencers,Beverages,400.0,gm,284.0,284.0,0.0
Women's Horlicks Chocolate Flavour Box 400g,Spencers,Beverages,400.0,gm,284.0,284.0,0.0
Horlicks Junior Stage 2 Original 500g,Spencers,Beverages,500.0,gm,273.0,273.0,0.0
Junior Horlicks Stage 2 Chocolate Flavour 500g,Spencers,Beverages,500.0,gm,273.0,273.0,0.0
Women's Horlicks Chocolate Flavour Jar 400g,Spencers,Beverages,400.0,gm,299.0,299.0,0.0
Women's Horlicks Caramel Flavour Jar 400g,Spencers,Beverages,400.0,gm,299.0,299.0,0.0
MTR Badam Drink Mix Jar 500g,Spencers,Beverages,500.0,gm,205.0,205.0,0.0
Horlicks Chocolate Delight 1kg,Spencers,Beverages,1.0,kg,355.0,355.0,0.0
Mother's Horlicks 500g,Spencers,Beverages,500.0,gm,515.0,515.0,0.0
Horlicks Junior Chocolate Jar 500g,Spencers,Beverages,500.0,gm,288.0,288.0,0.0
Horlicks Lite 450g,Spencers,Beverages,450.0,gm,298.0,298.0,0.0
Horlicks Chocolate Delight Box 500g,Spencers,Beverages,500.0,gm,204.0,204.0,0.0
Horlicks Junior Stage 1 Jar 500g,Spencers,Beverages,500.0,gm,288.0,288.0,0.0
Horlicks Classic Malt Box 1kg,Spencers,Beverages,1.0,kg,428.0,428.0,0.0
Horlicks Junior DHA 500g,Spencers,Beverages,500.0,gm,273.0,273.0,0.0
Horlicks Lite Badam Refill 500g,Spencers,Beverages,500.0,gm,288.0,288.0,0.0
