,Name,Brand,Category,Size,Unit,Price,SellingPrice,Discount
0,Chakki Atta Aashirvaad 10 Kg,storese,Grocery & Staples,10,kg,480,450,6.25
1,Atta Multi grain Aashirvaad 5 Kg,storese,Grocery & Staples,5,kg,310,295,4.84
2,Whole Wheat Atta Aashirvaad Select 5Kg,storese,Grocery & Staples,5,kg,300,285,5
3,Atta sugar release control Aashirvaad 1 kg,storese,Grocery & Staples,1,kg,64,61,4.69
4,Atta Multi grain Aashirvaad 1 kg,storese,Grocery & Staples,1,kg,62,59,4.84
5,Sunflower Oil  Dhara 5 Ltr,storese,Grocery & Staples,5,ltr,675,674,0.15
6,Rice Bran Oil PATANJALI 1 Ltr,storese,Grocery & Staples,1,ltr,115,109,5.22
7,Sunflower Oil Fortune 1 Ltr,storese,Grocery & Staples,1,ltr,132,124,6.06
8,Soya Oil Fortune 1 Ltr,storese,Grocery & Staples,1,ltr,135,124,8.15
9,Rice Bran Health Oil Fortune 1 Ltr,storese,Grocery & Staples,1,ltr,130,124,4.62
11,Oil Tasty Losorb Saffola 1 Ltr,storese,Grocery & Staples,1,ltr,120,114,5
12,Sunflower Oil Dhara 1 Ltr,storese,Grocery & Staples,1,ltr,130,129,0.77
13,Sugar Town 24Crt 1 Kg,storese,Grocery & Staples,1,kg,60,54,10
14,Sugar Town 18Crt 1 Kg,storese,Grocery & Staples,1,kg,52,47,9.62
15,Salt Powder Tata 1 Kg,storese,Grocery & Staples,1,kg,19,18,5.26
16,salt Iodized Aashirvaad 1 kg,storese,Grocery & Staples,1,kg,19,18,5.26
17,Salt Powder Lite (Low Sodium) Tata 1 Kg,storese,Grocery & Staples,1,kg,35,33,5.71
18,Rice Dosa Town 1kg,storese,Grocery & Staples,1,kg,53,48,9.43
19,Rice Idly staff Town 1 Kg,storese,Grocery & Staples,1,kg,54,49,9.26
20,Rice Idly Lb 10 Town 1 Kg,storese,Grocery & Staples,1,kg,60,54,10
21,Rice Idly Car (Salem Rice) Town 1 Kg,storese,Grocery & Staples,1,kg,66,59,10.61
22,Rice Raw Staff Town 1 Kg,storese,Grocery & Staples,1,kg,85,77,9.41
23,Rice Sona Raw 18 Carat Town 1 Kg,storese,Grocery & Staples,1,kg,90,81,10
24,Rice Sona Raw 24 Carat Town 1 Kg,storese,Grocery & Staples,1,kg,94,85,9.57
25,Rice Bullet (Kolam) Town 18 Crt 1 Kg,storese,Grocery & Staples,1,kg,104,94,9.62
26,Rice Sona Raw Unpolished Organic Town 1 Kg,storese,Grocery & Staples,1,kg,106,95,10.38
27,Rice Basmathi 18 Carat Town 1 Kg,storese,Grocery & Staples,1,kg,186,167,10.22
28,Rice Sona Raw 18 Carat Town 5 Kg,storese,Grocery & Staples,5,kg,419,377,10.02
29,Rice Staff Town 25 Kg,storese,Grocery & Staples,25,kg,1350,1215,10
30,Unpolished Toor Dal Prasastha 1Kg,storese,Grocery & Staples,1,kg,140,133,5
31,Moong dal 24 Mantra organic 1 kg,storese,Grocery & Staples,1,kg,190,181,4.74
32,Toor Dal 24 Carat Town 1 Kg,storese,Grocery & Staples,1,kg,160,144,10
33,Moong Dal 24 Carat Town 1 Kg,storese,Grocery & Staples,1,kg,155,140,9.68
34,Gram Dal 24 Carat Town 250 Gms,storese,Grocery & Staples,250,gm,31,28,9.68
35,Moong Dal Staff Town 250 Gms,storese,Grocery & Staples,250,gm,35,32,8.57
36,Masoor Dal 24 Carat Town 250 Gms,storese,Grocery & Staples,250,gm,39,35,10.26
37,Moong Dal 18 Carat Town 250 Gms,storese,Grocery & Staples,250,gm,40,36,10
38,Masoor Dal Organic Town 250 Gms,storese,Grocery & Staples,250,gm,50,45,10
39,Toor Dal 24 Carat Town 500 Gms,storese,Grocery & Staples,500,gm,68,61,10.29
40,Urad Dal 24 Carat Town 500 Gms,storese,Grocery & Staples,500,gm,70,63,10
41,Channa Dal Organic Town 500 Gms,storese,Grocery & Staples,500,gm,99,89,10.1
42,Moosor Dal Bodi Town 250 Gms,storese,Grocery & Staples,250,gm,156,140,10.26
44,Honey patanjali 250 gram,storese,Grocery & Staples,250,gm,75,71,5.33
45,Kashmiri Mirch Powder Catch 100Gms,storese,Grocery & Staples,100,gm,50,48,4
46,Chana Masala Powder MDH 100 Gms,storese,Grocery & Staples,100,gm,62,59,4.84
47,Chunky chat Sabzi Masala Powder(Multi Purpose) MDH 100 Gms,storese,Grocery & Staples,100,gm,50,48,4
48,Kashmiri Mirch Chilli Powder MDH 100 Gms,storese,Grocery & Staples,100,gm,56,53,5.36
49,Deggi Mirch Chilli Powder MDH 100 Gms,storese,Grocery & Staples,100,gm,56,53,5.36
50,Curry Powder MDH 100 Gms,storese,Grocery & Staples,100,gm,57,54,5.26
51,Chat Chunky Masala MDH 100 Gms,storese,Grocery & Staples,100,gm,62,59,4.84
52,Cumin Powder MDH 100 Grams,storese,Grocery & Staples,100,gm,67,60,10.45
53,Pav Bhaji Masala Powder MDH 100 Gms,storese,Grocery & Staples,100,gm,64,61,4.69
54,Chicken Masala Powder MDH 100 Gms,storese,Grocery & Staples,100,gm,65,62,4.62
55,Kitchen King (Mixed Spices Powder) MDH 100 Gms,storese,Grocery & Staples,100,gm,66,63,4.55
56,Meat Ka Masala Powder (Mutton) MDH 100 Gms,storese,Grocery & Staples,100,gm,68,65,4.41
57,Cumin (Jeera) Powder Everest 100 Gms,storese,Grocery & Staples,100,gm,51,48,5.88
58,Chaat Masala Powder Everest 100 Gms,storese,Grocery & Staples,100,gm,62,59,4.84
59,Dry Ginger Powder Everest 100 Gms,storese,Grocery & Staples,100,gm,72,59,18.06
60,kasuri methi Everest 100 Gms,storese,Grocery & Staples,100,gm,84,60,28.57
61,Meat Masala Powder Everest 100 Gms,storese,Grocery & Staples,100,gm,72,68,5.56
62,Chicken Masala Powder Everest 100 Gms,storese,Grocery & Staples,100,gm,72,68,5.56
63,Garam Masala Powder Everest 100 Gms,storese,Grocery & Staples,100,gm,78,74,5.13
64,Coriander Powder Everest 500 Gms,storese,Grocery & Staples,500,gm,135,124,8.15
65,Turmeric Powder Everest 500 Gms,storese,Grocery & Staples,500,gm,135,124,8.15
66,Tikhalal (Red Chilli Powder) Everest 500 Gms,storese,Grocery & Staples,500,gm,185,133,28.11
67,Sambhar Masala Powder Everest 100 Gms,storese,Grocery & Staples,100,gm,47,45,4.26
68,Chhole Masala Powder Everest 100 Gms,storese,Grocery & Staples,100,gm,63,60,4.76
69,Kitchen King Masala Powder Everest 100 Gms,storese,Grocery & Staples,100,gm,65,62,4.62
70,Pav Bhaji Masala Powder Everest 100 Gms,storese,Grocery & Staples,100,gm,66,63,4.55
71,Amchur Powder Everest Dry mango 100 Gms,storese,Grocery & Staples,100,gm,70,67,4.29
72,Batter Idly and Dosa Paaka 1Kg,storese,Grocery & Staples,1,kg,75,71,5.33
73,Sambar Powder MTR-200 Gms,storese,Grocery & Staples,200,gm,90,86,4.44
74,Rice Tamarind/ Puliagare Paste MTR 200 Gms,storese,Grocery & Staples,200,gm,90,86,4.44
75,Turmeric Powder Sparsh 500 Gms,storese,Grocery & Staples,500,gm,130,124,4.62
76,Chilli Powder Sparsh 500 Gms,storese,Grocery & Staples,500,gm,130,124,4.62
77,Sundrop Oil Heart 1 Ltr,storese,Grocery & Staples,1,ltr,210,209,0.48
78,Methi Staff Town 100 Gms,storese,Grocery & Staples,100,gm,10,9,10
79,Vermicelli Seviyan MTR 150 Gms,storese,Grocery & Staples,150,gm,16,15,6.25
80,Vermicelli Bambino 150 Gms,storese,Grocery & Staples,150,gm,16,15,6.25
81,Vermicelli Roasted Short Anil 180 Gms,storese,Grocery & Staples,180,gm,17,16,5.88
82,Methi 18 Carat Town 100 Gms,storese,Grocery & Staples,100,gm,18,16,11.11
83,Mustard Oil Town 165ml,storese,Grocery & Staples,165,ml,65,52,20
84,Maida Staff Town 500 Gms,storese,Grocery & Staples,500,gm,20,18,10
85,Sada Sorshe Town 100 Gms,storese,Grocery & Staples,100,gm,20,18,10
86,Methi Organic Town 100Gms,storese,Grocery & Staples,100,gm,21,19,9.52
87,Mustard (Big) Town 100 Gms,storese,Grocery & Staples,100,gm,23,21,8.7
88,Salt Powder 24 Carat Town 1 Kg,storese,Grocery & Staples,1,kg,23,21,8.7
89,Mustard Black Organic Town 100 g,storese,Grocery & Staples,100,gm,24,22,8.33
90,Maida Town 500 Gms,storese,Grocery & Staples,500,gm,26,23,11.54
91,Sugar Bura Town 200 Gms,storese,Grocery & Staples,200,gm,25,23,8
92,Mustard Yellow Town 100 Gms,storese,Grocery & Staples,100,gm,26,23,11.54
93,Sugar Diamond White Town 200Gms,storese,Grocery & Staples,200,gm,26,23,11.54
94,Gulabi Gram 18 Carat Town 250 Gms,storese,Grocery & Staples,250,gm,26,23,11.54
95,Sooji Regular Town 500 Gms,storese,Grocery & Staples,500,gm,26,23,11.54
96,Palav Leaves (Bay Leaf) Town 50 Gms,storese,Grocery & Staples,50,gm,25,23,8
97,Lemon Salt Town 50 Gms,storese,Grocery & Staples,50,gm,25,23,8
98,Corn Flour Town 100 Gms,storese,Grocery & Staples,100,gm,26,23,11.54
99,Tasting Powder Town 50 Gms,storese,Grocery & Staples,50,gm,25,23,8
100,Sugar Breakfast Town 200 Gms,storese,Grocery & Staples,200,gm,25,23,8
101,Sugar Icing Town 200 Gms,storese,Grocery & Staples,200,gm,25,23,8
102,Cooking Soda 100gms,storese,Grocery & Staples,100,gm,25,23,8
103,Sprinklers Sendha Namak Catch 50Gms,storese,Grocery & Staples,50,gm,24,23,4.17
104,Gulabi Gram 24 Carat Town 250 Gms,storese,Grocery & Staples,250,gm,28,25,10.71
105,Macaroni Town 200 Gms,storese,Grocery & Staples,200,gm,28,25,10.71
106,Wheat Broken Town 250 Gms,storese,Grocery & Staples,250,gm,30,27,10
107,Turmeric Powder Prasastha 100 Gms,storese,Grocery & Staples,100,gm,28,27,3.57
108,Til Ram Town 100 Gms,storese,Grocery & Staples,100,gm,31,28,9.68
109,Fried Gram 18 Carat Town 250 Gms,storese,Grocery & Staples,250,gm,31,28,9.68
110,Coriander Powder Eastern 100Gms,storese,Grocery & Staples,100,gm,30,29,3.33
111,Black Salt Crystal Town 200 g,storese,Grocery & Staples,200,gm,31,29,6.45
112,Sprinklers Dahi Masala Catch 50Gms,storese,Grocery & Staples,50,gm,30,29,3.33
113,Red Chilli Powder (De Stemmed) Prasastha 100 Gms,storese,Grocery & Staples,100,gm,30,29,3.33
114,Gulabi Gram staff Town 250 Gms,storese,Grocery & Staples,250,gm,33,30,9.09
115,Salt Crystal Town 1 Kg (Pack of 2),storese,Grocery & Staples,2,unit(s),33,30,9.09
116,Turmeric Powder MTR 100 Gms,storese,Grocery & Staples,100,gm,32,30,6.25
117,Jeera Powder Town 50 Gms,storese,Grocery & Staples,50,gm,33,30,9.09
118,Sprinklers Iodized Table Salt Catch 200Gms,storese,Grocery & Staples,200,gm,32,30,6.25
119,Avalakki (Poha) Thick Staff Town 500g,storese,Grocery & Staples,500,gm,34,31,8.82
120,Sabakki (Sabudana) Nylon Town 250 Gms,storese,Grocery & Staples,250,gm,34,31,8.82
121,Sabbakki Special Small (Sabudana small) Town 250 Gms,storese,Grocery & Staples,250,gm,34,31,8.82
122,Flax Seeds Organic Town 100 gm,storese,Grocery & Staples,100,gm,34,31,8.82
123,Marati Moggu Town 25 Gms,storese,Grocery & Staples,25,gm,34,31,8.82
124,Garam Masala Nisarga 100 Gms,storese,Grocery & Staples,100,gm,40,32,20
125,Till White Organic Town 100 Gms,storese,Grocery & Staples,100,gm,36,32,11.11
126,Ragi Flour 24 Carat Town 500gms,storese,Grocery & Staples,500,gm,35,32,8.57
127,Karamani 24 Carat Town 250 Gms,storese,Grocery & Staples,250,gm,36,32,11.11
128,Gram Flour 18 Carat Town 250 Gms,storese,Grocery & Staples,250,gm,35,32,8.57
129,Peas White 24 Carat Town 250 Gms,storese,Grocery & Staples,250,gm,35,32,8.57
130,Til White Town 100 Gms,storese,Grocery & Staples,100,gm,36,32,11.11
131,Chilli Powder Eastern 100Gms,storese,Grocery & Staples,100,gm,35,33,5.71
132,Papad Rice Town 100 Gms,storese,Grocery & Staples,100,gm,43,34,20.93
133,Green Moong Staff Town 250 Gms,storese,Grocery & Staples,250,gm,39,35,10.26
134,Sprinklers Black Salt Catch 200Gms,storese,Grocery & Staples,200,gm,37,35,5.41
135,Jaggery Liquid Town 250 Gms,storese,Grocery & Staples,250,gm,45,36,20
136,Coriander Powder Town 100 Gms,storese,Grocery & Staples,100,gm,40,36,10
137,Karamani White 18 Carat Town 250 Gms,storese,Grocery & Staples,250,gm,40,36,10
138,Moong Green 24 Carat Town 250 Gms,storese,Grocery & Staples,250,gm,40,36,10
139,Guntur Chilly 24 Carat Town 100 Gms,storese,Grocery & Staples,100,gm,40,36,10
140,Vermicelli Town 500 Gms,storese,Grocery & Staples,500,gm,46,37,19.57
141,Groundnut staff Town 250 Gms,storese,Grocery & Staples,250,gm,41,37,9.76
142,Til Nylon Town 100 Gms,storese,Grocery & Staples,100,gm,41,37,9.76
143,Ajwain Seeds (Omam) Town 50 Gms,storese,Grocery & Staples,50,gm,41,37,9.76
144,Vermicelli Rice Sevai MTR 400Gms,storese,Grocery & Staples,400,gm,40,38,5
145,Vermicelli Seviyan MTR 400 Gms,storese,Grocery & Staples,400,gm,40,38,5
146,Fresh Sprouts Green Moong Town 200 g,storese,Grocery & Staples,200,gm,48,38,20.83
147,Avalakki (Poha) Medium Town 500gms,storese,Grocery & Staples,500,gm,43,39,9.3
148,Avalakki (Poha) Thick Town 500 Gms,storese,Grocery & Staples,500,gm,43,39,9.3
149,Groundnut 18 Carat Town 250gms,storese,Grocery & Staples,250,gm,44,40,9.09
150,Groundnut Nati Town 250 Gms,storese,Grocery & Staples,250,gm,44,40,9.09
151,Jaggery Round Staff Town 500 Gms,storese,Grocery & Staples,500,gm,46,41,10.87
152,Chakki atta Staff Town 1kg,storese,Grocery & Staples,1,kg,46,41,10.87
153,Rajma White Town 250 Gms,storese,Grocery & Staples,250,gm,45,41,8.89
154,Moong Chilka Town 250 Gms,storese,Grocery & Staples,250,gm,45,41,8.89
155,Groundnut 24 Carat Town 250 Gms,storese,Grocery & Staples,250,gm,45,41,8.89
156,Chutney Powder Groundnut Town 100 Gms,storese,Grocery & Staples,100,gm,52,42,19.23
157,Vermicelli Roasted Anil 450 Gms,storese,Grocery & Staples,450,gm,45,43,4.44
158,Gram Flour Organic Town 250 Gms,storese,Grocery & Staples,250,gm,48,43,10.42
159,Moong Dal 24 Carat Town 250 Gms,storese,Grocery & Staples,250,gm,48,43,10.42
160,Black Salt Powder Town 200 Gms,storese,Grocery & Staples,200,gm,45,43,4.44
161,Ginger Garlic Paste Homemade Dabur 200Gms,storese,Grocery & Staples,200,gm,46,44,4.35
162,Peanut 65 Town 100 Gms,storese,Grocery & Staples,100,gm,50,45,10
163,Grapes Dry 18 Carat Town 100 Gms,storese,Grocery & Staples,100,gm,50,45,10
164,Pepper Staff Town 50 Gms,storese,Grocery & Staples,50,gm,50,45,10
165,Pasta Spiral Town-500 gms,storese,Grocery & Staples,1,unit(s),50,45,10
166,Potato Papad Round Wavy Town 200gms,storese,Grocery & Staples,200,gm,50,45,10
167,Moong Chilka Organic Town 250 Gms,storese,Grocery & Staples,250,gm,50,45,10
168,Moong Green Organic Town 250 Gms,storese,Grocery & Staples,250,gm,50,45,10
169,Kalo Jeere Town 100 Gms,storese,Grocery & Staples,100,gm,50,45,10
170,Masoor Malka Whole Organic Town 250 Gms,storese,Grocery & Staples,250,gm,50,45,10
171,Rasam Powder MTR 100 Gms,storese,Grocery & Staples,100,gm,48,46,4.17
172,Kabuli Channa 24 Carat Town 250gms,storese,Grocery & Staples,250,gm,51,46,9.8
173,Avalakki White Pesticides Free Town 500 Gms,storese,Grocery & Staples,500,gm,52,47,9.62
174,Green Peas Organic Town 500 Gms,storese,Grocery & Staples,500,gm,53,48,9.43
175,Chakki Atta 18 Carat Town 1 Kg,storese,Grocery & Staples,1,kg,53,48,9.43
176,Grapes Dry 24carat Town 100 gms,storese,Grocery & Staples,100,gm,54,49,9.26
177,Chakki Atta 24 Carat Town 1 Kg,storese,Grocery & Staples,1,kg,55,50,9.09
178,Horse Gram 24 Carat Town 500 Gms,storese,Grocery & Staples,500,gm,56,50,10.71
179,Jeera Black Town 100 Gms,storese,Grocery & Staples,100,gm,55,50,9.09
180,Rajma Red 18 Carat Town 250 Gms,storese,Grocery & Staples,250,gm,55,50,9.09
181,Nutmeg (Jakai) Town 25 Gms,storese,Grocery & Staples,25,gm,55,50,9.09
182,Vangibath Powder 100gms-Town,storese,Grocery & Staples,100,gm,65,52,20
183,Jaggery Round 18 Carat Town 500 Gms,storese,Grocery & Staples,500,gm,58,52,10.34
184,Rajma Red 24 Carat Town 250 Gms,storese,Grocery & Staples,250,gm,58,52,10.34
185,Jeera 24 Carat Town 100 Gms,storese,Grocery & Staples,100,gm,58,52,10.34
186,Koora Kaaram (Curry Chilli) Powder Prasastha 200 Gms,storese,Grocery & Staples,200,gm,55,52,5.45
187,Chicken Masala Powder Aachi 100 Gms,storese,Grocery & Staples,100,gm,55,52,5.45
188,Grapes Dry Premium Town 100 gms,storese,Grocery & Staples,100,gm,60,54,10
189,Black Til Town 100 Gms,storese,Grocery & Staples,100,gm,61,55,9.84
190,Papad Urad Plain Lijjat 200Gms,storese,Grocery & Staples,200,gm,60,57,5
191,Sambar Powder Organic Avadata 100Gms,storese,Grocery & Staples,100,gm,60,57,5
192,Soya Flour Town 250 Gms,storese,Grocery & Staples,250,gm,60,57,5
193,Tomato Vermicelli Desi Mealz 70Gms,storese,Grocery & Staples,70,gm,60,57,5
194,Sweet Corn ( Cream Style) Morton 400 g,storese,Grocery & Staples,400,gm,60,57,5
195,Ragi Flour 24 CaratTown 1Kg,storese,Grocery & Staples,1,kg,64,58,9.38
196,Urad Black Whole Organic Town 250 Gms,storese,Grocery & Staples,250,gm,64,58,9.38
197,Chilly Kashmiri Town 100 Gms,storese,Grocery & Staples,100,gm,64,58,9.38
198,Cinnamon (Chakke) 18 Carat Town 50 Gms,storese,Grocery & Staples,50,gm,64,58,9.38
199,Chutney Powder Groundnut Garlic Town 100G,storese,Grocery & Staples,100,gm,74,59,20.27
200,Jaggery Round 24 Carat Town 500 Gms,storese,Grocery & Staples,500,gm,66,59,10.61
201,Wheat 24 Carat Town 1 Kg,storese,Grocery & Staples,1,kg,66,59,10.61
202,Avare Bele Organic Town 250 Gms,storese,Grocery & Staples,250,gm,65,59,9.23
203,Coriander Seeds 24 Carat Town 250 Gms,storese,Grocery & Staples,250,gm,66,59,10.61
204,Cumin Seeds Organic Town 100 g,storese,Grocery & Staples,100,gm,65,59,9.23
205,Sprinklers Chat Masala Catch 100Gms,storese,Grocery & Staples,100,gm,62,59,4.84
206,Chana Masala Catch 100Gms,storese,Grocery & Staples,100,gm,62,59,4.84
207,Rasam Powder Tamilnadu Style Town 100 Gms,storese,Grocery & Staples,100,gm,78,62,20.51
208,Chiroti Sooji Town 1 Kg,storese,Grocery & Staples,1,kg,69,62,10.14
209,Ragi 24 Carat Town 1 Kg,storese,Grocery & Staples,1,kg,69,62,10.14
210,Avare Kalu 18 Carat Town 250 Gms,storese,Grocery & Staples,250,gm,71,64,9.86
211,Jaggery Powder Pesticides Free Town 500 Gms,storese,Grocery & Staples,500,gm,71,64,9.86
212,Avare Bele 18 Carat Town 250 Gms,storese,Grocery & Staples,250,gm,71,64,9.86
213,Millet Proso Flour Organic Pristine 500Gms,storese,Grocery & Staples,500,gm,72,65,9.72
214,Papad Urad 3 inches Town 250 Gms,storese,Grocery & Staples,250,gm,73,66,9.59
215,Papad Urad 4 inches Town 250 Gms,storese,Grocery & Staples,250,gm,73,66,9.59
216,Rasam Powder Organic Avadata 100Gms,storese,Grocery & Staples,100,gm,70,67,4.29
217,Urad Gola Whole 24 Carat Town 500 Gms,storese,Grocery & Staples,500,gm,74,67,9.46
218,Avare Kalu 24 Carat Town 250 Gms,storese,Grocery & Staples,250,gm,74,67,9.46
219,Ragi Flour Organic Town 500 Gms,storese,Grocery & Staples,500,gm,74,67,9.46
220,Urad Black Chilka Town 500 Gms,storese,Grocery & Staples,500,gm,74,67,9.46
221,Meat Masala Catch 100Gms,storese,Grocery & Staples,100,gm,70,67,4.29
222,Avare Bele 24 Carat Town 250 Gms,storese,Grocery & Staples,250,gm,75,68,9.33
223,Millet Kodo Unpolished (Harka -Varagu) Town 500Gms,storese,Grocery & Staples,500,gm,75,68,9.33
224,Pearl millet (Sajje) Town 1 Kg,storese,Grocery & Staples,1,kg,75,68,9.33
225,Tandoori Chicken Masala Powder Everest 100 Gms,storese,Grocery & Staples,100,gm,72,68,5.56
226,Chicken Masala Catch 100Gms,storese,Grocery & Staples,100,gm,72,68,5.56
227,Pickle Tomato Town 300 Gms,storese,Grocery & Staples,300,gm,86,69,19.77
228,Kashmiri Rajma Town 500 Gms,storese,Grocery & Staples,500,gm,78,70,10.26
229,Cloves 18 Carat Town 50 Gms,storese,Grocery & Staples,50,gm,78,70,10.26
230,Millet Kodo (Harka -Varagu) Town 500Gms,storese,Grocery & Staples,500,gm,78,70,10.26
231,Millet Barnyard (Odalu -Kudiraivali Rice) Town 500Gms,storese,Grocery & Staples,500,gm,78,70,10.26
232,Garam Masala Catch 100Gms,storese,Grocery & Staples,100,gm,74,70,5.41
233,Garam Masala MDH 100 Gms,storese,Grocery & Staples,100,gm,74,70,5.41
234,Avalakki (Poha) Medium Town 1 kg,storese,Grocery & Staples,1,kg,79,71,10.13
235,Cloves 24 Carat Town 50 Gms,storese,Grocery & Staples,50,gm,80,72,10
237,Toor Dal Organic Town 500 Gms,storese,Grocery & Staples,500,gm,84,76,9.52
238,Amchur Powder MDH 100 Gms,storese,Grocery & Staples,100,gm,80,76,5
239,Deepam Lamp Oil Vaamaa 500ml,storese,Grocery & Staples,500,ml,80,76,5
240,Garam Masala Organic Avadata 50Gms,storese,Grocery & Staples,50,gm,80,76,5
241,Fish Curry Mix Organic Avadata 100Gms,storese,Grocery & Staples,100,gm,80,76,5
242,White Pepper Whole Organic Avadata 50Gms,storese,Grocery & Staples,50,gm,80,76,5
243,Wheat Puffed Town 250 Gms,storese,Grocery & Staples,250,gm,85,77,9.41
244,Ragi  Organic Town 1 Kg,storese,Grocery & Staples,1,kg,86,77,10.47
245,Kasoori Methi MDH 100 Gms,storese,Grocery & Staples,100,gm,84,80,4.76
246,Jaggery kolhapur Town 1 kg,storese,Grocery & Staples,1,kg,90,81,10
247,Papad Masala Medium Town 200 Gms,storese,Grocery & Staples,200,gm,90,81,10
248,Meat Masala Town 100 Gms,storese,Grocery & Staples,100,gm,103,82,20.39
249,Channa Masala Town 100 Gms,storese,Grocery & Staples,100,gm,103,82,20.39
250,Grapes Dry Black Town 100 Gms,storese,Grocery & Staples,100,gm,91,82,9.89
251,Wheat Organic Town 1 Kg,storese,Grocery & Staples,1,kg,91,82,9.89
252,Pepper Powder White Pure Town 50 Gms,storese,Grocery & Staples,50,gm,93,84,9.68
253,Chilly Byadgi Staff Town 250g,storese,Grocery & Staples,250,gm,94,85,9.57
254,Guntur Chilly 24 Carat Town 250 Gms,storese,Grocery & Staples,250,gm,94,85,9.57
255,Mace (Japathari) Town 25 Gms,storese,Grocery & Staples,25,gm,94,85,9.57
256,Rice Red Boiled Town 1 Kg,storese,Grocery & Staples,1,kg,94,85,9.57
257,Chat  Masala Town 100 Gms,storese,Grocery & Staples,100,gm,108,86,20.37
258,Wheat Broken Town 1 Kg,storese,Grocery & Staples,1,kg,95,86,9.47
259,Jaggery natural Miltop 875Gms,storese,Grocery & Staples,875,gm,95,86,9.47
260,Sugar Breakfast Trust 1 kg,storese,Grocery & Staples,1,kg,90,86,4.44
261,Dates Dry Town 200 Gms,storese,Grocery & Staples,200,gm,95,86,9.47
262,Motor Dal Town 250 Gms,storese,Grocery & Staples,250,gm,96,86,10.42
263,Jaggery Square Town 500 Gms,storese,Grocery & Staples,500,gm,95,86,9.47
264,Mankut Chilly Town 250 Gms,storese,Grocery & Staples,250,gm,95,86,9.47
265,Rice Boiled Meals Town 1 Kg,storese,Grocery & Staples,1,kg,95,86,9.47
266,Badam Powder Town 200 Gms,storese,Grocery & Staples,200,gm,110,88,20
267,Rice Boiled Meals Kerala Town 1kg,storese,Grocery & Staples,1,kg,98,88,10.2
268,Rice Red Raw Town 1 Kg,storese,Grocery & Staples,1,kg,98,88,10.2
269,Rice Ponny Raw Town 1 Kg,storese,Grocery & Staples,1,kg,100,90,10
270,Beans White Town 500 Gms,storese,Grocery & Staples,500,gm,101,91,9.9
271,Moong daal Organic Town 500 Gms,storese,Grocery & Staples,500,gm,103,93,9.71
272,Papad Masala Big Town 250 Gms,storese,Grocery & Staples,250,gm,103,93,9.71
273,Black Pepper Powder (Pure) Town 50 Gms,storese,Grocery & Staples,50,gm,103,93,9.71
274,Bisibelebath Powder Organic Avadata 100Gms,storese,Grocery & Staples,100,gm,100,95,5
275,Chutney Powder Organic Avadata 100Gms,storese,Grocery & Staples,100,gm,100,95,5
276,Puliogare Gojju Organic Avadata 200Gms,storese,Grocery & Staples,200,gm,100,95,5
277,Gram Dal 24 Carat Town 1 Kg,storese,Grocery & Staples,1,kg,108,97,10.19
278,Pepper Powder White Organic Town 50 g,storese,Grocery & Staples,50,gm,108,97,10.19
279,Urad Whole White (Gola) Organic Town 500 Gms,storese,Grocery & Staples,500,gm,108,97,10.19
280,Urad Black Split (Chilka) Organic Town 500 Gms,storese,Grocery & Staples,500,gm,108,97,10.19
281,Sambhar Powder Town 250 Gms,storese,Grocery & Staples,250,gm,124,99,20.16
282,Garam Masala Town 100 Gms,storese,Grocery & Staples,100,gm,124,99,20.16
283,Rice Red Jolaga Organic Town 1 Kg,storese,Grocery & Staples,1,kg,110,99,10
284,Pepper 18 Carat Town 100 Gms,storese,Grocery & Staples,100,gm,111,100,9.91
285,Rice Bullet ( Colum ) Town 24 Crt 1 Kg,storese,Grocery & Staples,1,kg,111,100,9.91
286,Urad Dal Organic Town 500 Gms,storese,Grocery & Staples,500,gm,111,100,9.91
287,Rice Ponny Boiled Town 1 Kg,storese,Grocery & Staples,1,kg,111,100,9.91
288,Rice Red (Kari Jidda) Organic Town 1 Kg,storese,Grocery & Staples,1,kg,111,100,9.91
289,Rice Unpolished Rajmudi Organic Town 1 Kg,storese,Grocery & Staples,1,kg,111,100,9.91
290,Besan Flour Bombay Town 500 Gms,storese,Grocery & Staples,500,gm,114,103,9.65
291,Pepper 24 Carat Town 100 Gms,storese,Grocery & Staples,100,gm,118,106,10.17
292,Radhuni Town 100 Gms,storese,Grocery & Staples,100,gm,119,107,10.08
293,Dry Double Beans white Town 250g,storese,Grocery & Staples,250,gm,119,107,10.08
294,Byadgi Chilly  18 Carat Town 250 Gms,storese,Grocery & Staples,250,gm,121,109,9.92
295,Coriander Seeds 18 Carat Town 500 Gms,storese,Grocery & Staples,500,gm,121,109,9.92
296,Wheat (Jave Godhi-Barley) Town 500 Gms,storese,Grocery & Staples,500,gm,121,109,9.92
297,Kashmiri Rajma Town 1 Kg,storese,Grocery & Staples,1,kg,123,111,9.76
298,Sugar Town Organic 1 Kg,storese,Grocery & Staples,1,kg,124,112,9.68
299,Chicken Pepper Fry Organic Avadata 100Gms,storese,Grocery & Staples,100,gm,120,114,5
300,Drumstick Tea Future Organics 40 gms,storese,Grocery & Staples,40,gm,120,114,5
301,Fried Gram 18 Carat Town 1 Kg,storese,Grocery & Staples,1,kg,128,115,10.16
302,Rice Sona Masuri (Polish) Organic Town 1 Kg,storese,Grocery & Staples,1,kg,128,115,10.16
303,Sugar Free Gold ( 100 Sachets ) 100 g,storese,Grocery & Staples,100,gm,125,119,4.8
304,Liquid Jaggery Future Organics 280Gms,storese,Grocery & Staples,280,gm,125,119,4.8
305,Chintaku Podi (Tamarind Leaves Podi) Future Organics 100Gms,storese,Grocery & Staples,100,gm,125,119,4.8
306,Palm Sugar Future Organics 100 gms,storese,Grocery & Staples,100,gm,125,119,4.8
307,Curry Leaf Powder Future Organics 100 gms,storese,Grocery & Staples,100,gm,125,119,4.8
308,Nallanuvula Usiri Pudina Karam Future Organics 100 gms,storese,Grocery & Staples,100,gm,125,119,4.8
309,Rice Jeera Samba Town 1 Kg,storese,Grocery & Staples,1,kg,134,121,9.7
310,Avare Bele 18 Carat Town  500 Gms,storese,Grocery & Staples,500,gm,136,122,10.29
311,Jeera Shah Town 100 Gms,storese,Grocery & Staples,100,gm,136,122,10.29
312,Gobindo Bhog Town 1kg,storese,Grocery & Staples,1,kg,141,127,9.93
313,Green Moong 1kg-24 Crt,storese,Grocery & Staples,1,unit(s),145,131,9.66
314,Papaya Dry Town 100Gms,storese,Grocery & Staples,100,gm,166,133,19.88
315,Millet Barnyard Pesticides Free Town 1 Kg,storese,Grocery & Staples,1,kg,148,133,10.14
316,Moong Dal 18 Carat Town 1 Kg,storese,Grocery & Staples,1,kg,148,133,10.14
317,Coriander Powder Sparsh 500 Gms,storese,Grocery & Staples,500,gm,140,133,5
318,Sambar Powder Sparsh 500 Gms,storese,Grocery & Staples,500,gm,140,133,5
319,Sundrop Nutrilite Oil 1 Ltr,storese,Grocery & Staples,1,ltr,135,134,0.74
320,Millet Foxtail Upma Rava Organic Town 1 Kg,storese,Grocery & Staples,1,kg,149,134,10.07
322,Cashewnut 2pc 18 Carat Town 100gms,storese,Grocery & Staples,100,gm,151,136,9.93
323,Pineapple Small Dry Town 100Gms,storese,Grocery & Staples,100,gm,171,137,19.88
324,Prunes Town 100 g,storese,Grocery & Staples,100,gm,171,137,19.88
325,Dried Kiwi Slices Town 100 g,storese,Grocery & Staples,100,gm,145,138,4.83
326,Black Currant Dry Town 100 g,storese,Grocery & Staples,100,gm,145,138,4.83
327,Dhania Powder MDH 500 Gms,storese,Grocery & Staples,500,gm,145,138,4.83
328,Lal Mirch Powder (Red Chilli Powder) MDH 500 Gms,storese,Grocery & Staples,500,gm,145,138,4.83
329,Coriander Powder MTR 500 Gms,storese,Grocery & Staples,500,gm,145,138,4.83
330,Haldi Powder (Turmeric Powder) MDH 500 Gms,storese,Grocery & Staples,500,gm,145,138,4.83
331,Badam Seeds 18 Carat Town 100 Gms,storese,Grocery & Staples,100,gm,154,139,9.74
332,Sunflower Oil Gemini 1 Ltr,storese,Grocery & Staples,1,ltr,140,139,0.71
333,Rice Diana (Diabetic) Organic Town 1 Kg,storese,Grocery & Staples,1,kg,155,140,9.68
334,Ghee GRB 200 Ml Jar,storese,Grocery & Staples,200,ml,142,141,0.7
335,Coco Powder Town 100 Gms,storese,Grocery & Staples,100,gm,148,141,4.73
336,Ayush Premium Gulkanda Future Organics 125gms,storese,Grocery & Staples,125,gm,150,143,4.67
337,Stevia Powder Future Organics 100 gms,storese,Grocery & Staples,100,gm,150,143,4.67
338,Black Pepper Powder Everest 100 Gms,storese,Grocery & Staples,100,gm,150,143,4.67
339,Black Pepper Powder MDH 100 Gms,storese,Grocery & Staples,100,gm,150,143,4.67
340,Himalayan Pink Salt Future Organics 500 gms,storese,Grocery & Staples,500,gm,150,143,4.67
341,Badam Seeds 24 Carat Town 100gms,storese,Grocery & Staples,100,gm,160,144,10
342,Cashewnut 2pc 24 Carat Town 100 Gms,storese,Grocery & Staples,100,gm,160,144,10
343,Poppy Seeds 24 Carat Town 100 Gms,storese,Grocery & Staples,100,gm,160,144,10
344,Dates Seedless Lion 500 Gms,storese,Grocery & Staples,500,gm,154,146,5.19
345,Millet Foxtail Idly Rava Organic Town 1 Kg,storese,Grocery & Staples,1,kg,154,146,5.19
346,Millet Kodo (Harka) Organic Town 1 Kg,storese,Grocery & Staples,1,kg,164,148,9.76
347,Motor Dal Bodi Town 250 Gms,storese,Grocery & Staples,250,gm,165,149,9.7
348,Millet Proso (Baragu) Organic Town 1 Kg,storese,Grocery & Staples,1,kg,168,151,10.12
349,Safflola  Gold Losorb  Oil 1 Ltr,storese,Grocery & Staples,1,ltr,158,155,1.9
350,Pumpkin Seeds Dry Town Special 100g,storese,Grocery & Staples,100,gm,164,156,4.88
351,Cashew Whole 18 Carat Town 100 Gms,storese,Grocery & Staples,100,gm,174,157,9.77
352,Pineapple Dry Big Town 100Gms,storese,Grocery & Staples,100,gm,200,160,20
353,Phool Makhana Town 100 Gms,storese,Grocery & Staples,100,gm,168,160,4.76
354,Millet Brown Top (Korle) Town 500Gms,storese,Grocery & Staples,500,gm,180,162,10
355,Sprinklers Black Pepper Catch 100Gms,storese,Grocery & Staples,100,gm,170,162,4.71
356,Cold Pressed Virgin Coconut Oil Loil 210ml,storese,Grocery & Staples,210,ml,165,164,0.61
357,Amla Pickle Future Organics 160gm,storese,Grocery & Staples,160,gm,175,166,5.14
358,Dondakaya Pickle  Future Organics 160gms,storese,Grocery & Staples,160,gm,175,166,5.14
359,Garlic Pearl Pickle Future Organics 160gms,storese,Grocery & Staples,160,gm,175,166,5.14
360,Pickle Sweet Lemon With Chilli and Jaggery Madilu 150Gms,storese,Grocery & Staples,150,gm,175,166,5.14
361,Lemon Pickle Without Oil Future Organics 160gms,storese,Grocery & Staples,160,gm,175,166,5.14
362,Coriander Pickle  Future Organics 160gms,storese,Grocery & Staples,160,gm,175,166,5.14
363,Cashew Whole 24 Carat Town 100gms,storese,Grocery & Staples,100,gm,184,166,9.78
364,Cashew nut Organic Town 100Gms,storese,Grocery & Staples,100,gm,184,166,9.78
365,Tamarind 24 Carat Town 500 Gms,storese,Grocery & Staples,500,gm,184,166,9.78
366,Groundnut Oil Organic Pro Nature 500ml,storese,Grocery & Staples,500,ml,210,168,20
367,Cranberry Dry Town 100g,storese,Grocery & Staples,100,gm,178,169,5.06
368,Wheat Sambha Broken Town 1 Kg,storese,Grocery & Staples,1,kg,191,172,9.95
369,Groundnut Oil Filtered Safal 1 Ltr,storese,Grocery & Staples,1,ltr,175,174,0.57
370,Cold Pressed Organic Virgin Coconut Oil Loil 200ml,storese,Grocery & Staples,200,ml,175,174,0.57
371,Gourmet Penne Rigate Del Monte 500 Gms,storese,Grocery & Staples,500,gm,185,176,4.86
372,Del Monte Elbow Macroni Pasta 500 Gms,storese,Grocery & Staples,500,gm,185,176,4.86
373,Anjoor (Figs Dried) Town 100 Gms,storese,Grocery & Staples,100,gm,196,176,10.2
374,Amaranth Seeds Town 500 Gms,storese,Grocery & Staples,500,gm,199,179,10.05
375,Cardamom  24 Carat Town 25 Gms,storese,Grocery & Staples,25,gm,200,180,10
376,Groundnut Oil Refined Safal 1 Ltr,storese,Grocery & Staples,1,ltr,185,184,0.54
378,Wheat Grass Powder Organic Town 50Gms,storese,Grocery & Staples,50,gm,199,189,5.03
379,Pepper Tipli Honey Future Organics 100gms,storese,Grocery & Staples,100,gm,200,190,5
380,Idly Rava Organic Tattva Town 1 Kg,storese,Grocery & Staples,1,kg,214,193,9.81
381,Millet Little Upma Rava Organic Town 1 Kg,storese,Grocery & Staples,1,kg,214,193,9.81
382,Sundrop Oil Superlite 1 Ltr,storese,Grocery & Staples,1,ltr,195,194,0.51
383,Cold Pressed Virgin Sesame Oil Loil 250ml,storese,Grocery & Staples,250,ml,195,194,0.51
384,Rava Idli MTR 1 Kg,storese,Grocery & Staples,1,kg,205,195,4.88
385,Cardamom  18 Carat Town 25 Gms,storese,Grocery & Staples,25,gm,220,198,10
386,Ajwain Seeds Powder GZG 100Gms,storese,Grocery & Staples,100,gm,210,200,4.76
387,Coriander Seeds Premium Town 500 Gms,storese,Grocery & Staples,500,gm,223,201,9.87
388,Chia Seeds Town 250 Gms,storese,Grocery & Staples,250,gm,230,207,10
389,Pudina Pickle with Olive Oil Future Organics 160gms,storese,Grocery & Staples,160,gm,225,214,4.89
390,Byadgi Chilly  18 Carat Town 500 Gms,storese,Grocery & Staples,500,gm,239,215,10.04
391,Pista Salted Town 100 g,storese,Grocery & Staples,100,gm,231,219,5.19
392,Rice Basmathi 24 Carat Town 1 Kg,storese,Grocery & Staples,1,kg,251,226,9.96
393,Rice Basumathi Brown Organic Town 1 Kg,storese,Grocery & Staples,1,kg,253,228,9.88
394,Spirulina Powder Organic Town 50 Gms,storese,Grocery & Staples,50,gm,240,228,5
395,Herbal Jaggery Brahmi Future Organics 100 gms,storese,Grocery & Staples,100,gm,250,238,4.8
396,Herbal Jaggery Shatavari Future Organics 100 gms,storese,Grocery & Staples,100,gm,250,238,4.8
397,Herbal Jaggery Ashwagandha Future Organics 100 gms,storese,Grocery & Staples,100,gm,250,238,4.8
398,Herbal Jaggery Punarnava Future Organics 100 gms,storese,Grocery & Staples,100,gm,250,238,4.8
399,Bella Liquid Jaggery Organic Avadata 700Gms,storese,Grocery & Staples,700,gm,250,238,4.8
400,Ghee Nandini 500 Ml,storese,Grocery & Staples,500,ml,245,244,0.41
401,Sugar Town 18 Crt 5 Kg,storese,Grocery & Staples,5,kg,275,248,9.82
402,Chakki Atta 24 Carat Town 5 kg,storese,Grocery & Staples,5,kg,280,252,10
403,Rice Sona Steam Town 5 Kg,storese,Grocery & Staples,5,kg,295,266,9.83
404,Ayush Natural Flax Seed Chia Seeds  peanut Butter Future Organics 160Gms,storese,Grocery & Staples,160,gm,300,285,5
405,Cold Pressed Virgin Farm Coconut Oil Future Organics 250ml,storese,Grocery & Staples,250,ml,300,285,5
406,Combo Pack (Moong Dal 1kg+Toor Dal Town 1 Kg) 1 Pack,storese,Grocery & Staples,1,unit(s),320,288,10
407,Wheat Grass Powder Madilu 100Gms,storese,Grocery & Staples,100,gm,325,309,4.92
408,Tamarind 1kg-24 Crt,storese,Grocery & Staples,1,unit(s),344,310,9.88
409,Rice Sona Raw 24 Carat Town 5 Kg,storese,Grocery & Staples,5,kg,351,316,9.97
410,Ghee GRB 500 Ml Pouch,storese,Grocery & Staples,1,unit(s),330,329,0.3
411,Hibiscus Red Flower Oil Future Organics 100 ml,storese,Grocery & Staples,100,ml,350,333,4.86
412,Jam Lotus Flower Future Organics 350gms,storese,Grocery & Staples,350,gm,350,333,4.86
413,Grapes Dry 18 Carat Town 1 kg,storese,Grocery & Staples,1,kg,371,334,9.97
414,Coconut Oil (KPL)-1 Ltr,storese,Grocery & Staples,1,unit(s),370,354,4.32
415,Combo Pack (Cashew nut Whole 100g+ Badam Seeds 100g + Dry Grapes 100g) 24crt Town 1 Pack,storese,Grocery & Staples,1,unit(s),398,358,10.05
417,Saffron Baby Brand 1 Gm,storese,Grocery & Staples,1,gm,399,379,5.01
418,Morning Miracle Health Drink Future Organics 250 gms,storese,Grocery & Staples,250,gm,400,380,5
419,Rice Boiled Meals Town 5 Kg,storese,Grocery & Staples,5,kg,460,414,10
420,Gir Cow Ghee Future Organics 175ml,storese,Grocery & Staples,175,ml,450,428,4.89
421,Chakki Atta Town 10 kgs bag,storese,Grocery & Staples,1,unit(s),480,432,10
422,Rice Ponny Raw Town 5 Kg,storese,Grocery & Staples,5,kg,498,448,10.04
423,Rice Bullet ( Colum ) Town 18 Crt 5 Kg,storese,Grocery & Staples,5,kg,498,448,10.04
424,Gir Cow Morning Ghee Future Organics 175ml,storese,Grocery & Staples,175,ml,500,475,5
425,Native Indian Cow Ghee Future Organics 175ml,storese,Grocery & Staples,175,ml,500,475,5
426,Gir Cow Turmeric  Ghee Future Organics 175ml,storese,Grocery & Staples,175,ml,500,475,5
428,Ghee Nandini 1 Ltr,storese,Grocery & Staples,1,ltr,490,489,0.2
429,Olive Oil Pomace Cesar 1Ltr,storese,Grocery & Staples,1,ltr,700,665,5
430,Olive Oil Extra Virgin Borges 500 ml,storese,Grocery & Staples,500,ml,750,699,6.8
431,Rice Sona Steam Town 25 Kg,storese,Grocery & Staples,25,kg,1400,1260,10
432,Rice Sona Raw 18 Carat Town 25 Kg,storese,Grocery & Staples,25,kg,1650,1485,10
433,Anjoor (Figs Dried) Town 1 kg,storese,Grocery & Staples,1,kg,1726,1553,10.02
434,Rice Sona Raw 24carat Town 25kg,storese,Grocery & Staples,25,kg,1800,1620,10
435,Apricot Dried Town 1 kg,storese,Grocery & Staples,1,kg,1964,1768,9.98
436,Chiroti Sooji Town 250 Gms,storese,Grocery & Staples,250,gm,11,9,18.18
437,Almond hair Oil Dabur 100ml,storese,Grocery & Staples,100,ml,65,62,4.62
438,Rice Flour 24 Carat Town 500 Gms,storese,Grocery & Staples,500,gm,34,27,20.59
439,Salt Crystal Annapurna 1 Kg,storese,Grocery & Staples,1,kg,16,15,6.25
440,Papad Rice Town 200 Gms,storese,Grocery & Staples,200,gm,85,77,9.41
441,Avalakki Red Pesticides Free Town 500 Gms,storese,Grocery & Staples,500,gm,60,54,10
442,Puliagare Powder MTR 200 Gms,storese,Grocery & Staples,200,gm,90,86,4.44
443,Rice Bullet ( Kolam ) Town 24 Crt 5 Kg,storese,Grocery & Staples,5,kg,529,476,10.02
444,Byadgi Chilly  24 Carat Town 250 Gms,storese,Grocery & Staples,250,gm,128,115,10.16
445,Cashewnut 4pc Town 100 Gms,storese,Grocery & Staples,100,gm,139,125,10.07
446,Pista 24 Carat Town 50 gms,storese,Grocery & Staples,50,gm,155,147,5.16
447,Pista 18 Carat Town 50 Gms,storese,Grocery & Staples,50,gm,145,138,4.83
448,Maida Organic Town 500 Gms,storese,Grocery & Staples,500,gm,39,37,5.13
449,Dry Lemon Grass Town 25gms,storese,Grocery & Staples,25,gm,25,23,8
450,Mustard (Small) 24 Carat Town 100 Gms,storese,Grocery & Staples,100,gm,23,21,8.7
451,Salt Aashirvad Freeflow 1 Kg,storese,Grocery & Staples,1,kg,18,17,5.56
452,Soya Bean Seeds Town 250gms,storese,Grocery & Staples,250,gm,34,31,8.82
453,Gram Flour 24 Carat Town 250 Gms,storese,Grocery & Staples,250,gm,36,32,11.11
454,Fried Gram 24 Carat Town 250 Gms,storese,Grocery & Staples,250,gm,33,30,9.09
455,Toor Dal Staff Town 500 Gms,storese,Grocery & Staples,500,gm,54,49,9.26
456,Urad Dal Staff Town 500 Gms,storese,Grocery & Staples,500,gm,59,53,10.17
457,Besan Flour Bombay Town 250 Gms,storese,Grocery & Staples,250,gm,56,50,10.71
458,Chakki Atta Organic Town 1 Kg,storese,Grocery & Staples,1,kg,71,64,9.86
459,Chilly Guntur staff Town 250 Gms,storese,Grocery & Staples,250,gm,69,62,10.14
460,Ajwain Seeds (Omam) Organic Town 100 Gms,storese,Grocery & Staples,100,gm,78,70,10.26
461,Millet Foxtail ( Navanakki) Town 1 Kg,storese,Grocery & Staples,1,kg,101,91,9.9
462,Millet Foxtail Organic Town 1 Kg,storese,Grocery & Staples,1,kg,119,107,10.08
463,Chilly Gundu Town 250 Gms,storese,Grocery & Staples,250,gm,174,157,9.77
464,Biulir Dal Bodi Town 250 Gms,storese,Grocery & Staples,250,gm,196,176,10.2
465,Dates Dry Town 1 kg,storese,Grocery & Staples,1,kg,434,391,9.91
466,Badam Seeds 18 Carat Town 1 kg,storese,Grocery & Staples,1,kg,1253,1128,9.98
681,Beverages Horlicks 1 Kg,storese,Beverages,1,kg,428,407,4.91
682,Health Drinks Horlicks 500 Gms,storese,Beverages,500,gm,229,218,4.8
683,Soft Drink Can Coca Cola 300 Ml,storese,Beverages,300,ml,40,38,5
684,Soft Drink Thums Up 750ml,storese,Beverages,750,ml,40,38,5
685,Tonic Water Indian Schweppes 300 Ml,storese,Beverages,300,ml,50,48,4
686,Energy Drink Red Bull 250 ml,storese,Beverages,250,ml,99,94,5.05
687,Kinley Mineral Water 1 Ltr,storese,Beverages,1,ltr,20,19,5
688,Soft Drink Sprite 1.25 ltr,storese,Beverages,1,unit(s),65,62,4.62
689,Tea Powder Red Label 1 kg,storese,Beverages,1,kg,453,430,5.08
690,Tea Powder Red Lable 2 Kg,storese,Beverages,2,kg,635,603,5.04
691,Tea Powder Red Label 250 g,storese,Beverages,250,gm,110,105,4.55
692,Tea Powder Red Label 100 Gms,storese,Beverages,100,gm,35,33,5.71
693,Tea Powder Tata Gold 500 Gms,storese,Beverages,500,gm,259,246,5.02
694,Tea Powder Taj Mahal 500Gms,storese,Beverages,500,gm,305,290,4.92
695,Tea Powder Taj Mahal 250 g,storese,Beverages,250,gm,155,147,5.16
696,Tea Powder Taj Mahal 100 Gms,storese,Beverages,100,gm,62,52,16.13
697,Taj Mahal Spicy Ginger Tea bags (25bags) 50gms,storese,Beverages,50,gm,150,143,4.67
698,Tea Powder Classic Tata Kanan Devan 1Kg,storese,Beverages,1,kg,259,246,5.02
699,Tea Powder Natural Care Red Label 250 g,storese,Beverages,250,gm,135,128,5.19
700,Green Tea Honey Lemon Good Morning (25 Tea Bags) Wagh Bakri 1No,storese,Beverages,1,unit(s),140,133,5
701,Tea Powder-3 Roses-250 gms,storese,Beverages,1,unit(s),145,138,4.83
702,Green Tea Shudh Kahwa (25 Tea Bags) Wagh Bakri 1No,storese,Beverages,1,unit(s),200,190,5
703,Tea Powder-3 Roses 500 Gms,storese,Beverages,500,gm,300,285,5
704,Masala Tea Powder Town 100 Gms,storese,Beverages,100,gm,80,64,20
705,Coffee Powder Instant Bru Gold 50Gms,storese,Beverages,50,gm,145,138,4.83
706,Soft Drink Sprite 750 Ml,storese,Beverages,750,ml,40,38,5
707,Fruit Drinks Litchi Delight Tropicana 1 Ltr,storese,Beverages,1,ltr,110,105,4.55
708,Fruit Drinks Pomegranate Tropicana 1 ltr,storese,Beverages,1,ltr,110,105,4.55
709,Fruit Drinks Cranberry Tropicana 1 ltr,storese,Beverages,1,ltr,110,105,4.55
710,Fruit Drinks Mixed Fruit 100% Tropicana 1 Ltr,storese,Beverages,1,ltr,135,128,5.19
711,Fruit Drinks Orange Real 1 Ltr,storese,Beverages,1,ltr,99,94,5.05
712,Thick Tomato classic Soup Knorr 53gms,storese,Beverages,53,gm,55,52,5.45
713,Health Drinks Bournvita 200 Gms,storese,Beverages,200,gm,107,102,4.67
714,Fruit Drinks Litchi Real 1 Ltr,storese,Beverages,1,ltr,99,94,5.05
715,Fruit Drinks Maaza 150 Ml,storese,Beverages,150,ml,10,9,10
716,Soya Milk Sofit 200ml,storese,Beverages,200,ml,30,29,3.33
717,Slice 600 ml,storese,Beverages,600,ml,35,33,5.71
718,Fruit Drinks Maaza 600 Ml,storese,Beverages,600,ml,40,38,5
719,Soft Drink Fanta 750ml,storese,Beverages,750,ml,40,38,5
720,Soft Drink Can Sprite 300 Ml,storese,Beverages,300,ml,40,38,5
721,Soft Drink Coke Cola 750ml,storese,Beverages,750,ml,40,38,5
722,Coffee Filter Decoction Traditional ID Fresh (5 Sachets) 1Box,storese,Beverages,1,unit(s),50,48,4
723,Masala Nimbu Pani smoodies 200ml,storese,Beverages,200,ml,50,48,4
724,Aam Ka Panna Smoodies 200ml,storese,Beverages,200,ml,50,48,4
725,Milk Drink Strawberry Chocolate Jaggery Again 200ml,storese,Beverages,200,ml,50,48,4
726,Fruit Drinks Pomegranate Real 1 Ltr,storese,Beverages,1,ltr,109,104,4.59
727,Milk Drink Almonds Cashews Dates Again 200ml,storese,Beverages,200,ml,50,48,4
728,Drinking Yoghurt Alphonso Mango Honey Again 200ml,storese,Beverages,200,ml,50,48,4
729,Drinking Yoghurt Carrot Orange Banana Again 200ml,storese,Beverages,200,ml,50,48,4
730,Jal Jeera Masala Powder MDH 100 Gms,storese,Beverages,100,gm,53,49,7.55
731,Tea Powder 3 Roses 100 gms,storese,Beverages,100,gm,58,55,5.17
732,Fruit Drinks Maaza 1.5Ltr,storese,Beverages,1.5,ltr,75,71,5.33
733,Pomegranate Paper Boat 250ml (Pack of 3),storese,Beverages,3,unit(s),105,100,4.76
734,Spice Sip Cinnamon 6 Tea Bags 1Box,storese,Beverages,1,unit(s),45,43,4.44
735,Soft Drink Fanta 1.25Ltr,storese,Beverages,1.25,ltr,65,62,4.62
736,Sugar Cubes Daurala 500 g,storese,Beverages,500,gm,63,60,4.76
737,Soft Drink Sprite 2.25 ltr,storese,Beverages,1,unit(s),95,90,5.26
738,Mighty Mango smoodies 200ml,storese,Beverages,200,ml,70,67,4.29
739,Groove With Guava smoodies 200ml,storese,Beverages,200,ml,70,67,4.29
740,Coffee Powder Instant Bru Gold Jar 25Gms,storese,Beverages,25,gm,73,69,5.48
741,Nimbu Pani Paper Boat 250ml (Pack of 3),storese,Beverages,3,unit(s),75,71,5.33
742,Coffee Powder Instant Nescafe Classic 25 Gms,storese,Beverages,25,gm,75,71,5.33
743,Coffee Filter Decoction Traditional ID Fresh 1 No,storese,Beverages,1,unit(s),80,76,5
744,Soft Drink Coca Cola 750 ml,storese,Beverages,750,ml,45,43,4.44
745,Alphanso Aamras Paper Boat 250ml (Pack of 3),storese,Beverages,3,unit(s),90,86,4.44
746,Fruit Drinks Pineapple Real 1 Ltr,storese,Beverages,1,ltr,92,87,5.43
747,Coffee Powder Cothas 200Gms,storese,Beverages,200,gm,94,89,5.32
748,Energy Drink Monster 350 ml,storese,Beverages,350,ml,95,90,5.26
749,Coffee Powder Cothas 100gms,storese,Beverages,100,gm,48,46,4.17
750,Soft Drink Coco Cola 750ML,storese,Beverages,750,ml,40,38,5
751,Soft Drink Fanta 2.25Ltr,storese,Beverages,2.25,ltr,95,90,5.26
752,Real Mixed Fruit 1 Ltr,storese,Beverages,1,ltr,99,94,5.05
753,Fruit Drinks Mango Real 1 Ltr,storese,Beverages,1,ltr,99,94,5.05
754,Fruit Drinks Guava Minute Maid 1Ltr,storese,Beverages,1,ltr,99,94,5.05
755,Fruit Drinks Apple Real 1l,storese,Beverages,1,ltr,100,95,5
756,Jhakaas Jamun Smoodies 200ml,storese,Beverages,200,ml,100,95,5
757,Lachak Litchi Smoodies 200ml,storese,Beverages,200,ml,100,95,5
758,Fruit Drinks Cranberry Real 1 ltr,storese,Beverages,1,ltr,109,104,4.59
760,Crush Strawberry Malas 750 ml,storese,Beverages,750,ml,145,138,4.83
761,Crush Mango Malas 750 ml,storese,Beverages,750,ml,145,138,4.83
762,Crush Pineapple Malas 750 ml,storese,Beverages,750,ml,145,138,4.83
763,Crush Orange Malas 750 ml,storese,Beverages,750,ml,145,138,4.83
764,Drumstick and Stevia Tea Future Organics 60 gms,storese,Beverages,60,gm,150,143,4.67
765,Badam Thandai Paper Boat 250ml (Pack of 3),storese,Beverages,3,unit(s),150,143,4.67
766,Crush Kiwi Malas 750 ml,storese,Beverages,750,ml,165,157,4.85
767,Coffee Powder Greenlabel 500 Gms,storese,Beverages,500,gm,168,160,4.76
768,Coffee Powder Instant  Nescafe Sunrise 100 Gms,storese,Beverages,100,gm,190,181,4.74
769,Tea Powder Tata Agni 1Kg,storese,Beverages,1,kg,220,209,5
770,Health Drinks Boost 500 Gms,storese,Beverages,500,gm,234,222,5.13
771,Health Drinks Royal Chocolate Complan 500 Gms,storese,Beverages,500,gm,280,266,5
772,Coffee Powder Cafe Chic Maverick and Farmer 250Gms,storese,Beverages,250,gm,320,304,5
773,Crush Blueberry Malas 750 ml,storese,Beverages,750,ml,320,304,5
774,Health Drinks Boost Refill 750 Gms,storese,Beverages,750,gm,351,330,5.98
775,Coffee Powder Instant  Nescafe Sunrise 200 Gms,storese,Beverages,200,gm,350,333,4.86
776,Coffee Powder Parama Maverick and Farmer 250Gms,storese,Beverages,250,gm,370,352,4.86
777,Coffee Powder Tall Dark Handsome Maverick and Farmer 250Gms,storese,Beverages,250,gm,400,380,5
778,Coffee Powder Say Hello to Mallow Maverick and Farmer 250Gms,storese,Beverages,250,gm,400,380,5
779,Super Sugarcane smoodies 200ml,storese,Beverages,200,ml,50,48,4
780,Soda Extra Punch Kinley 750 Ml,storese,Beverages,750,ml,20,19,5
781,Soft Drink Sprite 1.75 ltr,storese,Beverages,1,unit(s),80,76,5
782,Bold Berries smoodies 200ml,storese,Beverages,200,ml,80,76,5
783,Coffee Powder Bru 500 g,storese,Beverages,500,gm,368,350,4.89
784,Health Drinks Bournvita 500 Gms,storese,Beverages,500,gm,204,194,4.9
786,Cookies Choco Nut UNIBIC 75Gms,storese,Branded Foods,75,gm,25,24,4
787,Choco Fills Dark Fantasy Sunfeast75 gms,storese,Branded Foods,1,unit(s),30,29,3.33
788,Biscuit Hide and Seek Vanilla Black Bourbon Parle 100Gms,storese,Branded Foods,100,gm,30,29,3.33
790,Choco Chip Britannia Good Day 100 gms,storese,Branded Foods,100,gm,30,29,3.33
791,Cream and Onion American Style Lays 27 gms,storese,Branded Foods,27,gm,10,10,0
792,Nice Time Britannia 80 gms,storese,Branded Foods,80,gm,10,10,0
793,Dosa Breakfast Mix MTR 500 Gms,storese,Branded Foods,500,gm,110,105,4.55
794,Idli Rava Breakfast Mix MTR 500 Gms,storese,Branded Foods,500,gm,110,105,4.55
795,Spread Hazelnut Nutella 160Gms,storese,Branded Foods,160,gm,200,190,5
796,Peanut Butter Crunchy Sundrop 924 Gms,storese,Branded Foods,924,gm,285,271,4.91
797,Badam Powder MTR 1 Kg Jar,storese,Branded Foods,1,kg,395,375,5.06
798,Chocolate Double Mint Wrigleys 4.8Gms,storese,Branded Foods,4.8,gm,10,9,10
799,Bar One Nestle 28 gms,storese,Branded Foods,28,gm,10,10,0
800,Biscuit Cashew Cookies Good Day-58 Gms,storese,Branded Foods,1,unit(s),10,10,0
801,Biscuit Krack Jack Parle Rs.10 Pack,storese,Branded Foods,1,unit(s),10,10,0
802,Sunfeast Moms Magic Fruit and Milk Biscuit 60Gms,storese,Branded Foods,60,gm,10,10,0
803,Noodles Yippee Classic Sunfeast 70 Gms,storese,Branded Foods,70,gm,12,11,8.33
804,Milkybar Nestle (Rs.5 x 4 Nos) 1 Pack,storese,Branded Foods,1,unit(s),20,19,5
805,Nice Time Britannia 80 gms (Pack of 2),storese,Branded Foods,2,unit(s),20,19,5
806,Parle G 130 gms (Pack of 2),storese,Branded Foods,2,unit(s),20,19,5
807,Biscuit Time Pass Britannia 150gms,storese,Branded Foods,150,gm,20,19,5
808,Noodles  Masala Yippee Magic Sunfeast 70 Gms (Pack of 2),storese,Branded Foods,2,unit(s),24,23,4.17
809,Vermicelli Roasted MTR 150Gms,storese,Branded Foods,150,gm,25,24,4
810,Vermicelli  Rice Anil 200 Gms,storese,Branded Foods,200,gm,26,25,3.85
811,Papad Sabbakki Town 100 Gms,storese,Branded Foods,100,gm,28,25,10.71
812,Papad Fryums Bat Town 200 Gms,storese,Branded Foods,200,gm,30,27,10
813,Papad Fryums Boti Papad Town 200 Gms,storese,Branded Foods,200,gm,30,27,10
814,Papad Fryums Wheel Town 200 Gms,storese,Branded Foods,200,gm,30,27,10
815,Chikki Groundnut Town 100g,storese,Branded Foods,100,gm,32,28,12.5
816,Biscuit Monaco Parle 200Gms,storese,Branded Foods,200,gm,30,29,3.33
817,Cadbury Oreo 120 gms,storese,Branded Foods,120,gm,30,29,3.33
818,UNIBIC Choco Chip Cookies 75Gms,storese,Branded Foods,75,gm,30,29,3.33
819,Sauce Chilly Town 200 Ml,storese,Branded Foods,200,ml,40,32,20
820,Parle Milano Choco and Hazelnut Chocolate Chip 60 g,storese,Branded Foods,60,gm,35,33,5.71
821,Jim Jam Britannia Treat 150 gms,storese,Branded Foods,150,gm,35,33,5.71
822,Soya Chunks Town 250 Gms,storese,Branded Foods,250,gm,38,34,10.53
824,Snack Bar Fruit and Nut Choco UNIBIC 30Gms,storese,Branded Foods,30,gm,40,38,5
825,Jelly Crystals Strawberry Weikfield 90Gms,storese,Branded Foods,90,gm,45,43,4.44
826,Garlic Sev Town 200 gm,storese,Branded Foods,200,gm,50,44,12
827,Chutney Coconut Spicy Town 150 Gms,storese,Branded Foods,150,gm,55,44,20
828,Kettle Chips Potato Salted Town 100 Gms,storese,Branded Foods,100,gm,55,44,20
829,Potato Papad Mini Spiral Town 200gms,storese,Branded Foods,200,gm,50,45,10
830,Potato Papad Plain Town 200gms,storese,Branded Foods,200,gm,50,45,10
831,Potato Papad Round Crinckle Town 200gms,storese,Branded Foods,200,gm,50,45,10
832,Potato Papad Square Crinckle Town 200gms,storese,Branded Foods,200,gm,50,45,10
833,Congress Groundnut Town 200 gms,storese,Branded Foods,200,gm,50,48,4
834,Hide and Seek Parle 200 Grams,storese,Branded Foods,200,gm,50,48,4
835,Kettle Chips Potato Madras Chilly Town 100 Gms,storese,Branded Foods,100,gm,60,48,20
836,Oma Podi Town 200 gms,storese,Branded Foods,200,gm,60,48,20
837,Kara Boondi Town 200Gms,storese,Branded Foods,200,gm,50,48,4
838,Matri Town 200 gms,storese,Branded Foods,200,gm,62,50,19.35
839,Masala Poha Desi Mealz 100Gms,storese,Branded Foods,100,gm,55,52,5.45
840,Tamarinds Poha Desi Mealz 100Gms,storese,Branded Foods,100,gm,55,52,5.45
841,Energy Balls Multigrain Tropical Mango Cashew Zing The Bread Company 40Gms,storese,Branded Foods,40,gm,55,52,5.45
842,Maddur Vada Town 200 gms,storese,Branded Foods,200,gm,68,54,20.59
843,Crispy Mandakki (Puffed Rice) Town 200Gms,storese,Branded Foods,200,gm,60,54,10
844,Kodubale Masala Big Town 200g,storese,Branded Foods,200,gm,70,56,20
845,Sweet Kesari Desi Mealz 100Gms,storese,Branded Foods,100,gm,60,57,5
846,Yin Yangs Poha Desi Mealz 100Gms,storese,Branded Foods,100,gm,60,57,5
847,Palak Kara Sev Town 200 gms,storese,Branded Foods,200,gm,72,58,19.44
848,Murmura (Spicy Puffed Rice) Town 200 Gms,storese,Branded Foods,200,gm,72,58,19.44
849,Noodles Yippee Magic Classic Sunfeast 420 Gms,storese,Branded Foods,420,gm,67,64,4.48
850,Biscuit Digestive Whole Wheat McVities 400Gms,storese,Branded Foods,400,gm,68,65,4.41
851,Parle G 800 Gms,storese,Branded Foods,800,gm,70,67,4.29
852,Bhel with Namkeen Town 200Gms,storese,Branded Foods,200,gm,70,67,4.29
853,Spread English Mustard Veeba 300g,storese,Branded Foods,300,gm,74,70,5.41
854,Idly and Dosa Batter ID 1 Kg,storese,Branded Foods,1,kg,75,71,5.33
855,Gur Batasha Town 200 Gms,storese,Branded Foods,200,gm,85,77,9.41
856,Mixture Bombay Special Town 200gms,storese,Branded Foods,200,gm,90,80,11.11
857,Bisibele Bath Desi Mealz 70Gms,storese,Branded Foods,70,gm,90,86,4.44
858,Tomato Puree Morton 850 g,storese,Branded Foods,850,gm,95,90,5.26
859,Dressing White Pasta Veeba 285 Gms,storese,Branded Foods,285,gm,99,94,5.05
860,Vegy Fried Rice Desi Mealz 70Gms,storese,Branded Foods,70,gm,100,95,5
862,Gulab Jamun Ready Mix 175Gms (Buy 1 Get 1 Free) MTR 1No,storese,Branded Foods,1,unit(s),110,105,4.55
863,Badam Peda Town 150gms,storese,Branded Foods,150,gm,135,108,20
864,Atta Laddu Town 300g,storese,Branded Foods,300,gm,135,108,20
865,Garlic Sev Town 500 gms,storese,Branded Foods,500,gm,139,111,20.14
866,Chocolate Dark Fantasy Sunfeast 300 gms,storese,Branded Foods,300,gm,120,114,5
867,Idli Oats Breakfast Mix MTR 500 Gms,storese,Branded Foods,500,gm,120,114,5
868,Tomato Ketchup Squeasy 1Kg,storese,Branded Foods,1,kg,127,121,4.72
869,Pineapple Slices Morton 850 g,storese,Branded Foods,850,gm,130,124,4.62
870,Sharbat-E-Azam Dabur 750ml,storese,Branded Foods,750,ml,130,124,4.62
871,Kesar Peda Town 150gms,storese,Branded Foods,150,gm,150,143,4.67
872,Mango Pulp (Alphanso) Morton 850 g,storese,Branded Foods,850,gm,160,149,6.88
873,Halwa Bombay Town 250g,storese,Branded Foods,250,gm,175,166,5.14
874,Gongura Pickle Future Organics 160gms,storese,Branded Foods,160,gm,175,166,5.14
875,Biscuits 7 Supergrains Digestive The Bread Company 155Gms,storese,Branded Foods,155,gm,175,166,5.14
876,Gulab jamun Ready Mix MTR 500 Gms,storese,Branded Foods,500,gm,175,166,5.14
877,Drumstick Pickle Future Organics 160gms,storese,Branded Foods,160,gm,175,166,5.14
878,Tong Garden Party Snack - Can 180 gm,storese,Branded Foods,180,gm,175,166,5.14
879,Peanut Butter With jelly Grape Sundrop 340Gms,storese,Branded Foods,340,gm,180,171,5
880,Chia Seeds The Bread Company 100Gms,storese,Branded Foods,100,gm,180,171,5
881,Pumpkin Seeds The Bread Company 100 Gms,storese,Branded Foods,100,gm,180,171,5
882,Rava Idli ready Mix MTR 1Kg,storese,Branded Foods,1,kg,195,185,5.13
883,Spirali Pasta Del Monte 500 Gms,storese,Branded Foods,500,gm,200,190,5
884,Mixture Bombay Special Town 500gms,storese,Branded Foods,500,gm,239,191,20.08
885,Mysore Pak Pure Ghee Town 300gms,storese,Branded Foods,300,gm,249,199,20.08
886,Chocolate Dark Morde 500 Gms,storese,Branded Foods,500,gm,210,200,4.76
887,Flourless Molten Chocolate Clusters The Bread Company 120Gms,storese,Branded Foods,120,gm,220,209,5
888,Ginger Herbal Pickle with Olive Oil Future Organics 160gms,storese,Branded Foods,160,gm,225,214,4.89
889,Garlic Pearl With Olive Oil Pickle Future Organics 160gms,storese,Branded Foods,160,gm,225,214,4.89
890,6-in-1 Seeds Mix The Bread Company 150Gms,storese,Branded Foods,150,gm,240,228,5
891,Badam Powder MTR 500 g Jar,storese,Branded Foods,500,gm,250,233,6.8
892,Kaju Katli (Cashew) Town 200Gms,storese,Branded Foods,200,gm,249,237,4.82
893,DIBL Chocolate Spread 330Gms,storese,Branded Foods,330,gm,279,265,5.02
894,Essence Vanilla Bush 500ml,storese,Branded Foods,500,ml,296,281,5.07
895,DIBL Chocolate Hazelnut Spread 330Gms,storese,Branded Foods,330,gm,299,284,5.02
896,Saffron Honey Future Organics 250gms,storese,Branded Foods,250,gm,350,285,18.57
897,Sheesham Honey Future Organics 250gms,storese,Branded Foods,250,gm,300,285,5
898,Thulasi Honey Future Organics 250gms,storese,Branded Foods,250,gm,300,285,5
899,Turmeric Honey Future Organics 250gms,storese,Branded Foods,250,gm,300,285,5
900,Honey Weight Watchers Future Organics 250gms,storese,Branded Foods,250,gm,300,285,5
901,Pasta Fusilli Del Monte  1 KG,storese,Branded Foods,1,kg,325,309,4.92
902,Spreads Ghee Meets Banana Caramel Epigamia 250g,storese,Branded Foods,250,gm,350,333,4.86
903,Halwa Badam Town 300 Gms,storese,Branded Foods,300,gm,389,370,4.88
904,Noodles  Masala Maggi 420 Gms,storese,Branded Foods,420,gm,67,64,4.48
905,Magaj Town 100 Gms,storese,Branded Foods,100,gm,40,36,10
906,Olives Black Pitted Del Monte 450 g,storese,Branded Foods,450,gm,190,181,4.74
907,Aloo Tikki Mccain 400 Gms,storese,Branded Foods,400,gm,90,86,4.44
908,Nuggets Cheesy Chilly McCain 250Gms,storese,Branded Foods,250,gm,130,124,4.62
909,Nuggets Cheesy Chilly McCain 400Gms,storese,Branded Foods,400,gm,200,190,5
910,French Fries Mccain 750Gms,storese,Branded Foods,750,gm,165,157,4.85
911,Veggie Burger Patty Mccain 300 Gms,storese,Branded Foods,300,gm,110,105,4.55
912,Smiles Mccain 175Gms,storese,Branded Foods,175,gm,49,47,4.08
913,Kettle Potato Chips 65 Masala Town 100gms,storese,Branded Foods,100,gm,50,40,20
914,Smiles Mccain Aloo Tikki 415Gms,storese,Branded Foods,415,gm,110,105,4.55
915,Super Wedges Mccain Aloo Tikki 400 Gms,storese,Branded Foods,400,gm,115,109,5.22
916,Veggie Nuggets Mccain Aloo Tikki 325Gms,storese,Branded Foods,325,gm,124,118,4.84
917,Potato Cheese Shotz Mccain Aloo Tikki 400 Gms,storese,Branded Foods,400,gm,195,185,5.13
918,Britannia Bourbon Biscuits 66 gms,storese,Branded Foods,66,gm,10,10,0
919,Chips Potato Madras Chilly (Small Size) Town 100 Gms,storese,Branded Foods,100,gm,40,32,20
920,Honey Patanjali 1 Kg,storese,Branded Foods,1,kg,275,261,5.09
